time,open,high,low,close,volume
2024-01-08 09:00:00+09:00,59108000.0,63410000.0,57801000.0,63010000.0,11161.48689391
2024-01-09 09:00:00+09:00,63011000.0,64385000.0,60748000.0,62014000.0,9882.55128738
2024-01-10 09:00:00+09:00,62001000.0,65000000.0,59730000.0,63621000.0,16442.71360776
2024-01-11 09:00:00+09:00,63621000.0,66779000.0,62246000.0,63550000.0,14392.35118741
2024-01-12 09:00:00+09:00,63560000.0,63820000.0,58200000.0,59435000.0,11517.51602146
2024-01-13 09:00:00+09:00,59430000.0,59860000.0,58174000.0,58968000.0,5542.07595015
2024-01-14 09:00:00+09:00,58968000.0,59254000.0,57312000.0,57391000.0,3950.54738176
2024-01-15 09:00:00+09:00,57380000.0,59340000.0,57332000.0,58354000.0,3967.32180816
2024-01-16 09:00:00+09:00,58416000.0,59577000.0,58169000.0,59196000.0,3748.9674189
2024-01-17 09:00:00+09:00,59197000.0,59300000.0,58269000.0,58776000.0,2837.33448993
2024-01-18 09:00:00+09:00,58776000.0,58900000.0,56754000.0,57284000.0,4268.88383965
2024-01-19 09:00:00+09:00,57281000.0,58180000.0,55935000.0,57739000.0,5634.88177074
2024-01-20 09:00:00+09:00,57738000.0,57796000.0,57242000.0,57517000.0,2127.46454183
2024-01-21 09:00:00+09:00,57550000.0,57942000.0,57350000.0,57387000.0,2003.6715815
2024-01-22 09:00:00+09:00,57392000.0,57543000.0,54659000.0,54689000.0,6334.41138362
2024-01-23 09:00:00+09:00,54689000.0,55576000.0,53125000.0,55389000.0,7696.9657732
2024-01-24 09:00:00+09:00,55389000.0,55850000.0,54446000.0,55200000.0,3615.04171313
2024-01-25 09:00:00+09:00,55200000.0,55586000.0,54760000.0,55101000.0,2868.41775244
2024-01-26 09:00:00+09:00,55101000.0,58146000.0,54957000.0,57503000.0,5241.71188424
2024-01-27 09:00:00+09:00,57526000.0,58189000.0,57046000.0,58086000.0,2217.23585074
2024-01-28 09:00:00+09:00,58086000.0,58880000.0,57400000.0,57855000.0,2804.05316336
2024-01-29 09:00:00+09:00,57855000.0,59210000.0,57561000.0,59101000.0,3400.58213496
2024-01-30 09:00:00+09:00,59129000.0,59863000.0,58600000.0,58965000.0,4111.4027948
2024-01-31 09:00:00+09:00,58966000.0,59848000.0,58221000.0,58738000.0,3372.05512523
2024-02-01 09:00:00+09:00,58738000.0,59302000.0,57804000.0,59150000.0,2757.18048169
2024-02-02 09:00:00+09:00,59150000.0,59531000.0,58551000.0,59299000.0,2278.87315759
2024-02-03 09:00:00+09:00,59295000.0,59485000.0,59120000.0,59260000.0,1168.38699158
2024-02-04 09:00:00+09:00,59262000.0,59324000.0,58633000.0,58811000.0,1272.47453255
2024-02-05 09:00:00+09:00,58814000.0,59800000.0,58311000.0,58882000.0,2801.14722486
2024-02-06 09:00:00+09:00,58882000.0,59400000.0,58650000.0,59039000.0,2068.07481117
2024-02-07 09:00:00+09:00,59020000.0,60373000.0,58745000.0,60232000.0,4016.91251278
2024-02-08 09:00:00+09:00,60242000.0,62200000.0,60232000.0,62011000.0,4403.57321568
2024-02-09 09:00:00+09:00,62011000.0,64955000.0,61717000.0,63682000.0,8059.0341961
2024-02-10 09:00:00+09:00,63682000.0,64890000.0,63062000.0,64549000.0,3520.61476764
2024-02-11 09:00:00+09:00,64549000.0,65500000.0,64256000.0,65230000.0,3675.68043315
2024-02-12 09:00:00+09:00,65231000.0,67444000.0,64887000.0,67002000.0,6674.5189116
2024-02-13 09:00:00+09:00,67002000.0,67698000.0,65800000.0,67309000.0,6757.73223342
2024-02-14 09:00:00+09:00,67309000.0,70300000.0,66800000.0,70199000.0,8040.24948851
2024-02-15 09:00:00+09:00,70195000.0,72216000.0,70190000.0,71253000.0,8360.6265065
2024-02-16 09:00:00+09:00,71253000.0,72500000.0,70782000.0,72128000.0,4895.5305616
2024-02-17 09:00:00+09:00,72134000.0,72267000.0,69595000.0,71530000.0,6239.93681452
2024-02-18 09:00:00+09:00,71500000.0,72158000.0,70669000.0,71964000.0,3622.39704322
2024-02-19 09:00:00+09:00,71968000.0,72412000.0,71728000.0,71755000.0,3590.53994514
2024-02-20 09:00:00+09:00,71755000.0,73100000.0,71010000.0,72191000.0,5210.9537578
2024-02-21 09:00:00+09:00,72160000.0,72465000.0,71100000.0,72397000.0,3784.15692927
2024-02-22 09:00:00+09:00,72397000.0,72399000.0,71458000.0,71601000.0,2956.43290437
2024-02-23 09:00:00+09:00,71600000.0,71835000.0,70657000.0,70805000.0,2937.89362228
2024-02-24 09:00:00+09:00,70804000.0,71467000.0,70542000.0,71107000.0,2768.92244263
2024-02-25 09:00:00+09:00,71107000.0,71595000.0,70907000.0,71256000.0,1867.42810931
2024-02-26 09:00:00+09:00,71256000.0,75000000.0,70000000.0,74742000.0,6152.52849944
2024-02-27 09:00:00+09:00,74741000.0,79183000.0,74554000.0,78619000.0,10168.66847875
2024-02-28 09:00:00+09:00,78621000.0,88424000.0,78082000.0,87634000.0,19254.09747335
2024-02-29 09:00:00+09:00,87654000.0,90000000.0,85244000.0,85910000.0,14269.12684354
2024-03-01 09:00:00+09:00,85911000.0,88500000.0,85910000.0,87397000.0,6256.97193595
2024-03-02 09:00:00+09:00,87397000.0,87724000.0,86090000.0,86383000.0,5481.66253212
2024-03-03 09:00:00+09:00,86382000.0,87993000.0,85000000.0,87982000.0,6017.57168637
2024-03-04 09:00:00+09:00,87978000.0,95586000.0,87302000.0,95500000.0,13254.11820787
2024-03-05 09:00:00+09:00,95500000.0,97000000.0,88024000.0,91275000.0,22134.5823534
2024-03-06 09:00:00+09:00,91275000.0,94917000.0,88233000.0,93325000.0,12290.20386486
2024-03-07 09:00:00+09:00,93325000.0,95678000.0,92670000.0,94060000.0,5792.49252841
2024-03-08 09:00:00+09:00,94044000.0,98543000.0,94000000.0,96237000.0,8721.93321965
2024-03-09 09:00:00+09:00,96237000.0,96420000.0,95120000.0,95946000.0,3946.68168858
2024-03-10 09:00:00+09:00,95946000.0,98445000.0,95904000.0,97495000.0,5997.98580277
2024-03-11 09:00:00+09:00,97501000.0,101940000.0,95132000.0,100404000.0,14017.56814882
2024-03-12 09:00:00+09:00,100404000.0,102350000.0,99000000.0,101200000.0,8326.93269496
2024-03-13 09:00:00+09:00,101200000.0,104865000.0,100909000.0,104122000.0,7708.11925332
2024-03-14 09:00:00+09:00,104121000.0,105000000.0,100000000.0,102506000.0,10526.11243481
2024-03-15 09:00:00+09:00,102506000.0,104131000.0,95600000.0,101000000.0,17862.96961701
2024-03-16 09:00:00+09:00,101010000.0,102407000.0,95700000.0,96767000.0,7805.49537673
2024-03-17 09:00:00+09:00,96769000.0,100299000.0,94300000.0,99922000.0,10512.20194197
2024-03-18 09:00:00+09:00,99934000.0,100233000.0,97623000.0,99040000.0,6061.17057346
2024-03-19 09:00:00+09:00,99042000.0,99700000.0,92027000.0,92572000.0,14040.62247096
2024-03-20 09:00:00+09:00,92541000.0,100216000.0,89845000.0,99726000.0,14156.97655657
2024-03-21 09:00:00+09:00,99726000.0,99801000.0,95000000.0,95552000.0,7441.53702699
2024-03-22 09:00:00+09:00,95618000.0,96500000.0,92222000.0,93855000.0,6646.70819911
2024-03-23 09:00:00+09:00,93850000.0,95609000.0,92593000.0,93274000.0,3672.55444643
2024-03-24 09:00:00+09:00,93317000.0,97252000.0,93079000.0,96624000.0,3888.32456609
2024-03-25 09:00:00+09:00,96624000.0,100500000.0,95600000.0,99202000.0,7510.92358508
2024-03-26 09:00:00+09:00,99202000.0,100800000.0,98830000.0,100051000.0,5187.8255505
2024-03-27 09:00:00+09:00,100051000.0,101900000.0,98700000.0,99890000.0,6873.29706874
2024-03-28 09:00:00+09:00,99890000.0,101725000.0,99251000.0,100900000.0,5332.23099753
2024-03-29 09:00:00+09:00,100900000.0,101100000.0,99210000.0,99801000.0,4351.27001019
2024-03-30 09:00:00+09:00,99876000.0,100317000.0,99455000.0,99985000.0,1962.11149493
2024-03-31 09:00:00+09:00,99985000.0,101133000.0,99930000.0,100970000.0,2112.03397974
2024-04-01 09:00:00+09:00,100991000.0,101098000.0,98658000.0,100100000.0,4739.72230488
2024-04-02 09:00:00+09:00,100100000.0,100100000.0,95000000.0,96053000.0,8066.15019928
2024-04-03 09:00:00+09:00,96053000.0,97300000.0,94682000.0,96502000.0,4274.27113577
2024-04-04 09:00:00+09:00,96502000.0,99912000.0,95598000.0,99361000.0,4377.11634387
2024-04-05 09:00:00+09:00,99445000.0,99669000.0,96800000.0,98394000.0,3533.18774879
2024-04-06 09:00:00+09:00,98385000.0,99888000.0,97745000.0,99023000.0,1885.55868844
2024-04-07 09:00:00+09:00,99000000.0,100450000.0,98976000.0,99369000.0,2132.30263827
2024-04-08 09:00:00+09:00,99369000.0,103084000.0,99100000.0,102101000.0,5621.6941615
2024-04-09 09:00:00+09:00,102050000.0,102399000.0,98400000.0,99350000.0,4778.27379895
2024-04-10 09:00:00+09:00,99409000.0,101750000.0,97614000.0,100600000.0,4307.83087037
2024-04-11 09:00:00+09:00,100601000.0,101452000.0,100031000.0,100541000.0,3026.45443123
2024-04-12 09:00:00+09:00,100542000.0,101426000.0,98985000.0,99776000.0,5005.55856794
2024-04-13 09:00:00+09:00,99645000.0,100569000.0,95000000.0,97149000.0,9545.1942808
2024-04-14 09:00:00+09:00,97093000.0,99180000.0,95224000.0,98905000.0,6601.79791673
2024-04-15 09:00:00+09:00,98931000.0,99490000.0,95702000.0,96527000.0,5860.57730753
2024-04-16 09:00:00+09:00,96530000.0,96941000.0,93500000.0,95597000.0,6058.36670549
2024-04-17 09:00:00+09:00,95597000.0,96500000.0,90200000.0,91419000.0,7117.39044578
2024-04-18 09:00:00+09:00,91439000.0,94200000.0,90000000.0,93356000.0,5793.82700325
2024-04-19 09:00:00+09:00,93392000.0,95958000.0,88500000.0,93390000.0,8931.11165293
2024-04-20 09:00:00+09:00,93390000.0,95600000.0,92615000.0,94805000.0,2666.36468567
2024-04-21 09:00:00+09:00,94840000.0,95989000.0,94312000.0,94868000.0,2369.21252418
2024-04-22 09:00:00+09:00,94911000.0,97627000.0,94622000.0,97192000.0,3221.84889236
2024-04-23 09:00:00+09:00,97239000.0,97592000.0,95246000.0,96045000.0,3179.44418004
2024-04-24 09:00:00+09:00,96071000.0,96627000.0,92734000.0,93534000.0,3593.11116027
2024-04-25 09:00:00+09:00,93520000.0,94319000.0,91213000.0,92745000.0,3762.56315286
2024-04-26 09:00:00+09:00,92761000.0,93000000.0,91465000.0,91951000.0,2016.93752002
2024-04-27 09:00:00+09:00,91955000.0,92175000.0,90292000.0,91499000.0,2455.80711714
2024-04-28 09:00:00+09:00,91499000.0,92630000.0,90153000.0,90530000.0,1861.37990104
2024-04-29 09:00:00+09:00,90533000.0,92000000.0,88500000.0,91400000.0,4650.34162208
2024-04-30 09:00:00+09:00,91400000.0,92540000.0,85606000.0,87137000.0,7328.91773497
2024-05-01 09:00:00+09:00,87152000.0,87625000.0,80005000.0,83499000.0,15078.237548
2024-05-02 09:00:00+09:00,83499000.0,84000000.0,80601000.0,83078000.0,5609.70236742
2024-05-03 09:00:00+09:00,83096000.0,89821000.0,82807000.0,89291000.0,8040.2538403
2024-05-04 09:00:00+09:00,89291000.0,91123000.0,87910000.0,90303000.0,4208.08896117
2024-05-05 09:00:00+09:00,90303000.0,90759000.0,88331000.0,90061000.0,2550.73818403
2024-05-06 09:00:00+09:00,90100000.0,91681000.0,88500000.0,88804000.0,3986.16458238
2024-05-07 09:00:00+09:00,88780000.0,90157000.0,87500000.0,87595000.0,2916.803769
2024-05-08 09:00:00+09:00,87595000.0,88566000.0,85109000.0,85872000.0,3819.52775807
2024-05-09 09:00:00+09:00,85872000.0,88500000.0,85020000.0,88116000.0,3096.80934359
2024-05-10 09:00:00+09:00,88116000.0,88480000.0,85120000.0,85842000.0,3277.85722892
2024-05-11 09:00:00+09:00,85842000.0,86500000.0,85209000.0,85791000.0,1299.78149293
2024-05-12 09:00:00+09:00,85791000.0,86978000.0,85618000.0,86521000.0,1042.82371152
2024-05-13 09:00:00+09:00,86521000.0,88485000.0,85410000.0,87928000.0,3085.90700562
2024-05-14 09:00:00+09:00,87934000.0,88225000.0,85801000.0,86500000.0,2756.81157854
2024-05-15 09:00:00+09:00,86524000.0,92444000.0,86200000.0,92111000.0,5272.78652607
2024-05-16 09:00:00+09:00,92111000.0,92860000.0,90250000.0,90800000.0,3657.22884649
2024-05-17 09:00:00+09:00,90839000.0,93123000.0,90700000.0,92646000.0,2713.8193315
2024-05-18 09:00:00+09:00,92632000.0,93500000.0,92337000.0,93066000.0,1821.32715047
2024-05-19 09:00:00+09:00,93066000.0,93990000.0,91843000.0,92185000.0,2335.84848532
2024-05-20 09:00:00+09:00,92185000.0,97264000.0,91931000.0,97260000.0,4413.1861654
2024-05-21 09:00:00+09:00,97260000.0,98150000.0,95571000.0,96700000.0,4609.75650446
2024-05-22 09:00:00+09:00,96717000.0,96999000.0,94640000.0,95421000.0,2799.80156982
2024-05-23 09:00:00+09:00,95421000.0,96881000.0,93000000.0,94900000.0,4396.1343619
2024-05-24 09:00:00+09:00,94897000.0,96160000.0,93300000.0,95214000.0,2489.94183313
2024-05-25 09:00:00+09:00,95214000.0,96598000.0,95192000.0,96240000.0,1452.89641348
2024-05-26 09:00:00+09:00,96240000.0,96590000.0,95400000.0,95610000.0,1583.87158304
2024-05-27 09:00:00+09:00,95634000.0,97360000.0,95050000.0,96050000.0,2667.48347563
2024-05-28 09:00:00+09:00,96050000.0,96119000.0,93654000.0,94600000.0,3176.96320333
2024-05-29 09:00:00+09:00,94654000.0,95232000.0,93440000.0,93910000.0,2475.18788783
2024-05-30 09:00:00+09:00,93910000.0,96120000.0,93620000.0,94943000.0,2703.78621192
2024-05-31 09:00:00+09:00,95000000.0,96000000.0,93700000.0,94505000.0,2203.22332533
2024-06-01 09:00:00+09:00,94504000.0,94850000.0,94361000.0,94720000.0,620.25035104
2024-06-02 09:00:00+09:00,94762000.0,95626000.0,94500000.0,95000000.0,1113.85982666
2024-06-03 09:00:00+09:00,95000000.0,97358000.0,94825000.0,95994000.0,2779.47684838
2024-06-04 09:00:00+09:00,95994000.0,97927000.0,95520000.0,97500000.0,2699.30531296
2024-06-05 09:00:00+09:00,97490000.0,98989000.0,97280000.0,98385000.0,2709.00469092
2024-06-06 09:00:00+09:00,98385000.0,99400000.0,98009000.0,98334000.0,2226.53984487
2024-06-07 09:00:00+09:00,98321000.0,99650000.0,97219000.0,97919000.0,3319.13194888
2024-06-08 09:00:00+09:00,97919000.0,98278000.0,97750000.0,98125000.0,1083.63453147
2024-06-09 09:00:00+09:00,98137000.0,98400000.0,97710000.0,97983000.0,903.04585461
2024-06-10 09:00:00+09:00,97983000.0,98031000.0,96980000.0,97276000.0,1491.30862127
2024-06-11 09:00:00+09:00,97279000.0,97350000.0,93821000.0,95329000.0,3889.452394
2024-06-12 09:00:00+09:00,95329000.0,98204000.0,94502000.0,95934000.0,3395.53957526
2024-06-13 09:00:00+09:00,95934000.0,96356000.0,94107000.0,94614000.0,2161.15981221
2024-06-14 09:00:00+09:00,94614000.0,95202000.0,93001000.0,93978000.0,2232.32985005
2024-06-15 09:00:00+09:00,93979000.0,94268000.0,93546000.0,93910000.0,906.41818634
2024-06-16 09:00:00+09:00,93913000.0,94708000.0,93611000.0,94219000.0,841.90412208
2024-06-17 09:00:00+09:00,94219000.0,94442000.0,91559000.0,93588000.0,3306.85987741
2024-06-18 09:00:00+09:00,93589000.0,93699000.0,90638000.0,91649000.0,3084.47656922
2024-06-19 09:00:00+09:00,91649000.0,92727000.0,91170000.0,91555000.0,1711.11748826
2024-06-20 09:00:00+09:00,91549000.0,93581000.0,91500000.0,91780000.0,1989.14998554
2024-06-21 09:00:00+09:00,91779000.0,92031000.0,89501000.0,90308000.0,2713.72122916
2024-06-22 09:00:00+09:00,90308000.0,91086000.0,90141000.0,90874000.0,648.51462524
2024-06-23 09:00:00+09:00,90874000.0,91382000.0,89033000.0,89046000.0,1076.73789827
2024-06-24 09:00:00+09:00,89100000.0,89441000.0,83101000.0,85496000.0,7434.8292641
2024-06-25 09:00:00+09:00,85495000.0,87981000.0,85032000.0,87450000.0,3359.06885104
2024-06-26 09:00:00+09:00,87463000.0,88356000.0,85930000.0,86027000.0,1958.86652444
2024-06-27 09:00:00+09:00,86092000.0,87957000.0,85396000.0,86884000.0,1879.37091558
2024-06-28 09:00:00+09:00,86875000.0,87510000.0,84740000.0,85158000.0,2112.30766272
2024-06-29 09:00:00+09:00,85157000.0,86000000.0,85102000.0,85765000.0,750.29847644
2024-06-30 09:00:00+09:00,85765000.0,88490000.0,85370000.0,87920000.0,1407.83744184
2024-07-01 09:00:00+09:00,87920000.0,89644000.0,87609000.0,88253000.0,2120.47778236
2024-07-02 09:00:00+09:00,88259000.0,88847000.0,86987000.0,87248000.0,1525.13237149
2024-07-03 09:00:00+09:00,87270000.0,87623000.0,84508000.0,85331000.0,2823.97617467
2024-07-04 09:00:00+09:00,85331000.0,85592000.0,81207000.0,81680000.0,6151.28764968
2024-07-05 09:00:00+09:00,81680000.0,82544000.0,77335000.0,81118000.0,9719.19667539
2024-07-06 09:00:00+09:00,81118000.0,83202000.0,79938000.0,82826000.0,2664.49967064
2024-07-07 09:00:00+09:00,82850000.0,82940000.0,79280000.0,79397000.0,2527.24731033
2024-07-08 09:00:00+09:00,79397000.0,82700000.0,77880000.0,80534000.0,5094.76571434
2024-07-09 09:00:00+09:00,80499000.0,82300000.0,80000000.0,82043000.0,2547.62184575
2024-07-10 09:00:00+09:00,82043000.0,83825000.0,81096000.0,81896000.0,2927.47972497
2024-07-11 09:00:00+09:00,81926000.0,83795000.0,81000000.0,81070000.0,2930.42730849
2024-07-12 09:00:00+09:00,81070000.0,82309000.0,80085000.0,81540000.0,2003.05277025
2024-07-13 09:00:00+09:00,81548000.0,83700000.0,81300000.0,82901000.0,1698.9670231
2024-07-14 09:00:00+09:00,82901000.0,86000000.0,82860000.0,85430000.0,3162.56205447
2024-07-15 09:00:00+09:00,85430000.0,91294000.0,85269000.0,91162000.0,5087.5047679
2024-07-16 09:00:00+09:00,91162000.0,91544000.0,87300000.0,90807000.0,6229.90082082
2024-07-17 09:00:00+09:00,90825000.0,92159000.0,89380000.0,89467000.0,3690.86942876
2024-07-18 09:00:00+09:00,89464000.0,91200000.0,89049000.0,89850000.0,2571.16592106
2024-07-19 09:00:00+09:00,89850000.0,94073000.0,88675000.0,93004000.0,4216.76104722
2024-07-20 09:00:00+09:00,93004000.0,94624000.0,92736000.0,94065000.0,1966.82922042
2024-07-21 09:00:00+09:00,94073000.0,95299000.0,92413000.0,95000000.0,2999.30004219
2024-07-22 09:00:00+09:00,95000000.0,95353000.0,93050000.0,94357000.0,2864.06872329
2024-07-23 09:00:00+09:00,94284000.0,94748000.0,92000000.0,92230000.0,3198.17266819
2024-07-24 09:00:00+09:00,92224000.0,93494000.0,91051000.0,91501000.0,3120.28733945
2024-07-25 09:00:00+09:00,91501000.0,93138000.0,89202000.0,92465000.0,4242.34259951
2024-07-26 09:00:00+09:00,92475000.0,95000000.0,92286000.0,94727000.0,3254.87216648
2024-07-27 09:00:00+09:00,94639000.0,96813000.0,93150000.0,94292000.0,4913.83842022
2024-07-28 09:00:00+09:00,94341000.0,95380000.0,93600000.0,95363000.0,2056.69856884
2024-07-29 09:00:00+09:00,95363000.0,97100000.0,93203000.0,93618000.0,4778.70828116
2024-07-30 09:00:00+09:00,93605000.0,93878000.0,91825000.0,92788000.0,2825.61883321
2024-07-31 09:00:00+09:00,92790000.0,93298000.0,90345000.0,90345000.0,3099.02844262
2024-08-01 09:00:00+09:00,90346000.0,92300000.0,88001000.0,91789000.0,5048.04552891
2024-08-02 09:00:00+09:00,91789000.0,92200000.0,86377000.0,86691000.0,5089.66250349
2024-08-03 09:00:00+09:00,86691000.0,87690000.0,85000000.0,85957000.0,4059.37513687
2024-08-04 09:00:00+09:00,85954000.0,86311000.0,81684000.0,81871000.0,4532.63397761
2024-08-05 09:00:00+09:00,81871000.0,82256000.0,72100000.0,77833000.0,23878.79267178
2024-08-06 09:00:00+09:00,77786000.0,82150000.0,77782000.0,80224000.0,7868.46700086
2024-08-07 09:00:00+09:00,80166000.0,81950000.0,77782000.0,78388000.0,5316.47766092
2024-08-08 09:00:00+09:00,78386000.0,87980000.0,77941000.0,86397000.0,7126.01269616
2024-08-09 09:00:00+09:00,86397000.0,86704000.0,84000000.0,85518000.0,3892.85974175
2024-08-10 09:00:00+09:00,85523000.0,86370000.0,84760000.0,85669000.0,1489.63387466
2024-08-11 09:00:00+09:00,85669000.0,86424000.0,82208000.0,82815000.0,2669.17265554
2024-08-12 09:00:00+09:00,82816000.0,85000000.0,81000000.0,83221000.0,5072.09672139
2024-08-13 09:00:00+09:00,83207000.0,85770000.0,82050000.0,84600000.0,2989.81215206
2024-08-14 09:00:00+09:00,84587000.0,85950000.0,82218000.0,82457000.0,3583.12495297
2024-08-15 09:00:00+09:00,82440000.0,83555000.0,79500000.0,81004000.0,3986.43185704
2024-08-16 09:00:00+09:00,81044000.0,83400000.0,80296000.0,82209000.0,2629.8190762
2024-08-17 09:00:00+09:00,82185000.0,83000000.0,82042000.0,82849000.0,887.07641461
2024-08-18 09:00:00+09:00,82821000.0,83679000.0,81500000.0,81500000.0,1727.83371254
2024-08-19 09:00:00+09:00,81500000.0,81915000.0,80100000.0,81680000.0,2644.34129141
2024-08-20 09:00:00+09:00,81678000.0,83400000.0,80501000.0,80751000.0,3339.76112482
2024-08-21 09:00:00+09:00,80751000.0,83600000.0,80567000.0,82900000.0,2882.78548851
2024-08-22 09:00:00+09:00,82900000.0,83101000.0,81280000.0,82003000.0,2138.23568495
2024-08-23 09:00:00+09:00,82012000.0,86500000.0,82002000.0,85600000.0,4485.27203937
2024-08-24 09:00:00+09:00,85600000.0,86390000.0,85155000.0,85767000.0,2204.28031834
2024-08-25 09:00:00+09:00,85807000.0,86979000.0,85410000.0,86254000.0,1698.8163817
2024-08-26 09:00:00+09:00,86240000.0,86529000.0,84408000.0,84408000.0,2260.53739932
2024-08-27 09:00:00+09:00,84408000.0,84794000.0,80121000.0,80950000.0,4066.7490567
2024-08-28 09:00:00+09:00,80947000.0,81895000.0,79550000.0,80569000.0,3848.30364196
2024-08-29 09:00:00+09:00,80618000.0,82700000.0,80151000.0,80790000.0,2539.08247784
2024-08-30 09:00:00+09:00,80745000.0,81250000.0,79225000.0,80439000.0,2858.21980495
2024-08-31 09:00:00+09:00,80439000.0,80823000.0,80009000.0,80262000.0,841.99580262
2024-09-01 09:00:00+09:00,80300000.0,80370000.0,78300000.0,78301000.0,2541.94042215
2024-09-02 09:00:00+09:00,78303000.0,80610000.0,78235000.0,80205000.0,2207.5986061
2024-09-03 09:00:00+09:00,80247000.0,81101000.0,78250000.0,78272000.0,2562.51172354
2024-09-04 09:00:00+09:00,78270000.0,79300000.0,76248000.0,78739000.0,3895.41394663
2024-09-05 09:00:00+09:00,78739000.0,79131000.0,76000000.0,76330000.0,2957.70339093
2024-09-06 09:00:00+09:00,76330000.0,76860000.0,72200000.0,73644000.0,6081.77185166
2024-09-07 09:00:00+09:00,73644000.0,74580000.0,73078000.0,73640000.0,1801.62027481
2024-09-08 09:00:00+09:00,73640000.0,74880000.0,72992000.0,74437000.0,1592.04001829
2024-09-09 09:00:00+09:00,74439000.0,78500000.0,74093000.0,77275000.0,3101.05486477
2024-09-10 09:00:00+09:00,77275000.0,78485000.0,76432000.0,78089000.0,2189.56080713
2024-09-11 09:00:00+09:00,78091000.0,78200000.0,75380000.0,77301000.0,3055.31403806
2024-09-12 09:00:00+09:00,77361000.0,78830000.0,77300000.0,78269000.0,2510.01259415
2024-09-13 09:00:00+09:00,78269000.0,81100000.0,77700000.0,80930000.0,2847.08604999
2024-09-14 09:00:00+09:00,80930000.0,81174000.0,80040000.0,80524000.0,1324.44479737
2024-09-15 09:00:00+09:00,80524000.0,81009000.0,79090000.0,79690000.0,1293.20254846
2024-09-16 09:00:00+09:00,79691000.0,79860000.0,77740000.0,78469000.0,2425.49996851
2024-09-17 09:00:00+09:00,78468000.0,82364000.0,77774000.0,81116000.0,3063.50091322
2024-09-18 09:00:00+09:00,81116000.0,82618000.0,80008000.0,82604000.0,3362.15013751
2024-09-19 09:00:00+09:00,82603000.0,85000000.0,82286000.0,83892000.0,4549.0273458
2024-09-20 09:00:00+09:00,83891000.0,85478000.0,83377000.0,84385000.0,3257.11829911
2024-09-21 09:00:00+09:00,84384000.0,84750000.0,84000000.0,84425000.0,1066.57067251
2024-09-22 09:00:00+09:00,84429000.0,85500000.0,83401000.0,84829000.0,1869.26119943
2024-09-23 09:00:00+09:00,84838000.0,86250000.0,83832000.0,84631000.0,2655.34388664
2024-09-24 09:00:00+09:00,84630000.0,85750000.0,84009000.0,85248000.0,1998.91561289
2024-09-25 09:00:00+09:00,85248000.0,85950000.0,84220000.0,84362000.0,1821.46293118
2024-09-26 09:00:00+09:00,84362000.0,86602000.0,83800000.0,86000000.0,2865.16236011
2024-09-27 09:00:00+09:00,85948000.0,87410000.0,85877000.0,86958000.0,2462.85215474
2024-09-28 09:00:00+09:00,86958000.0,87250000.0,86003000.0,86732000.0,1483.00508773
2024-09-29 09:00:00+09:00,86731000.0,86891000.0,85800000.0,85958000.0,1188.41412224
2024-09-30 09:00:00+09:00,85958000.0,85958000.0,83061000.0,83730000.0,3131.32274904
2024-10-01 09:00:00+09:00,83730000.0,84884000.0,80844000.0,81500000.0,4057.42297213
2024-10-02 09:00:00+09:00,81500000.0,83300000.0,80940000.0,81707000.0,2890.80470844
2024-10-03 09:00:00+09:00,81707000.0,82700000.0,81302000.0,82424000.0,1821.57540109
2024-10-04 09:00:00+09:00,82401000.0,84300000.0,82038000.0,83805000.0,2177.10847718
2024-10-05 09:00:00+09:00,83804000.0,84190000.0,83511000.0,83956000.0,776.76532606
2024-10-06 09:00:00+09:00,83997000.0,84710000.0,83600000.0,84533000.0,990.98870219
2024-10-07 09:00:00+09:00,84436000.0,86301000.0,83884000.0,83942000.0,2788.21491807
2024-10-08 09:00:00+09:00,83942000.0,85270000.0,83848000.0,84139000.0,1438.91380709
2024-10-09 09:00:00+09:00,84139000.0,84500000.0,82187000.0,82385000.0,1623.29835868
2024-10-10 09:00:00+09:00,82383000.0,83127000.0,80635000.0,82131000.0,2261.63071429
2024-10-11 09:00:00+09:00,82131000.0,85474000.0,81749000.0,84451000.0,2292.25174675
2024-10-12 09:00:00+09:00,84450000.0,85250000.0,84330000.0,84956000.0,1236.13303613
2024-10-13 09:00:00+09:00,84997000.0,85181000.0,83890000.0,84806000.0,1007.64328314
2024-10-14 09:00:00+09:00,84782000.0,88963000.0,84300000.0,88640000.0,4502.93766545
2024-10-15 09:00:00+09:00,88640000.0,91531000.0,87510000.0,90600000.0,5320.08065393
2024-10-16 09:00:00+09:00,90518000.0,92350000.0,90194000.0,91610000.0,3290.95467218
2024-10-17 09:00:00+09:00,91610000.0,92000000.0,91150000.0,91725000.0,2166.90172052
2024-10-18 09:00:00+09:00,91758000.0,93697000.0,91510000.0,93330000.0,2703.40345601
2024-10-19 09:00:00+09:00,93358000.0,93593000.0,92769000.0,93322000.0,1204.1436611
2024-10-20 09:00:00+09:00,93322000.0,94299000.0,92956000.0,93901000.0,1766.03106746
2024-10-21 09:00:00+09:00,93901000.0,94456000.0,91459000.0,92161000.0,3492.66954786
2024-10-22 09:00:00+09:00,92161000.0,93380000.0,91090000.0,92877000.0,2390.90338556
2024-10-23 09:00:00+09:00,92877000.0,93000000.0,90860000.0,92375000.0,2169.77076181
2024-10-24 09:00:00+09:00,92375000.0,94699000.0,92080000.0,94077000.0,2468.54308221
2024-10-25 09:00:00+09:00,94077000.0,95143000.0,92432000.0,93762000.0,3453.26947882
2024-10-26 09:00:00+09:00,93762000.0,94298000.0,93297000.0,93993000.0,1181.9583116
2024-10-27 09:00:00+09:00,93993000.0,95120000.0,93900000.0,94819000.0,1412.77364621
2024-10-28 09:00:00+09:00,94824000.0,97714000.0,94520000.0,97401000.0,3447.08968512
2024-10-29 09:00:00+09:00,97401000.0,102158000.0,97200000.0,101305000.0,5694.58179714
2024-10-30 09:00:00+09:00,101300000.0,101305000.0,99135000.0,100571000.0,3437.3159675
2024-10-31 09:00:00+09:00,100571000.0,100893000.0,97300000.0,98112000.0,3670.22663296
2024-11-01 09:00:00+09:00,98112000.0,99758000.0,95520000.0,97285000.0,4850.88260337
2024-11-02 09:00:00+09:00,97331000.0,97999000.0,96825000.0,97205000.0,1419.21063313
2024-11-03 09:00:00+09:00,97205000.0,97232000.0,93905000.0,95883000.0,4358.15713691
2024-11-04 09:00:00+09:00,95987000.0,96803000.0,93083000.0,94289000.0,3556.89181882
2024-11-05 09:00:00+09:00,94289000.0,98074000.0,93958000.0,96170000.0,4785.81750822
2024-11-06 09:00:00+09:00,96196000.0,104395000.0,96104000.0,104085000.0,17173.68278488
2024-11-07 09:00:00+09:00,104085000.0,104999000.0,102290000.0,104115000.0,5517.18974843
2024-11-08 09:00:00+09:00,104177000.0,107591000.0,104109000.0,106843000.0,5104.85574163
2024-11-09 09:00:00+09:00,106845000.0,106990000.0,105873000.0,106294000.0,2702.45288762
2024-11-10 09:00:00+09:00,106294000.0,112470000.0,106050000.0,111440000.0,8111.0365608
2024-11-11 09:00:00+09:00,111440000.0,125073000.0,111273000.0,124503000.0,12056.83132426
2024-11-12 09:00:00+09:00,124476000.0,128010000.0,118864000.0,124967000.0,17037.75956278
2024-11-13 09:00:00+09:00,124951000.0,131041000.0,122771000.0,128111000.0,11214.08048901
2024-11-14 09:00:00+09:00,128111000.0,130500000.0,121674000.0,123572000.0,9173.07983888
2024-11-15 09:00:00+09:00,123543000.0,128950000.0,123370000.0,128236000.0,5943.50915703
2024-11-16 09:00:00+09:00,128128000.0,129103000.0,126090000.0,127071000.0,3914.09648698
2024-11-17 09:00:00+09:00,127130000.0,128000000.0,125252000.0,126472000.0,3321.82583352
2024-11-18 09:00:00+09:00,126469000.0,128895000.0,126133000.0,127142000.0,5182.38906938
2024-11-19 09:00:00+09:00,127142000.0,130998000.0,127050000.0,129720000.0,5034.84094069
2024-11-20 09:00:00+09:00,129711000.0,133328000.0,128448000.0,133180000.0,5931.35430049
2024-11-21 09:00:00+09:00,133180000.0,138707000.0,133001000.0,137050000.0,10359.96751008
2024-11-22 09:00:00+09:00,137050000.0,138770000.0,129500000.0,136879000.0,8879.19477738
2024-11-23 09:00:00+09:00,136879000.0,137178000.0,134195000.0,136000000.0,4775.60238543
2024-11-24 09:00:00+09:00,136000000.0,137000000.0,131501000.0,136096000.0,6366.61145855
2024-11-25 09:00:00+09:00,136110000.0,136169000.0,129688000.0,129791000.0,5347.73938417
2024-11-26 09:00:00+09:00,129791000.0,132579000.0,127416000.0,128783000.0,7063.28251032
2024-11-27 09:00:00+09:00,128800000.0,134300000.0,127900000.0,132999000.0,4363.00829391
2024-11-28 09:00:00+09:00,132999000.0,134577000.0,131438000.0,133138000.0,2941.11026977
2024-11-29 09:00:00+09:00,133144000.0,136274000.0,132850000.0,134542000.0,3455.81025362
2024-11-30 09:00:00+09:00,134542000.0,134809000.0,133600000.0,133701000.0,2374.86697435
2024-12-01 09:00:00+09:00,133722000.0,135199000.0,133297000.0,133802000.0,2835.14649803
2024-12-02 09:00:00+09:00,133802000.0,135800000.0,132260000.0,133535000.0,5356.7748251
2024-12-03 09:00:00+09:00,133523000.0,134680000.0,88266000.0,133700000.0,18097.08425608
2024-12-04 09:00:00+09:00,133720000.0,139920000.0,133499000.0,138760000.0,6969.87081198
2024-12-05 09:00:00+09:00,138765000.0,146100000.0,134000000.0,137501000.0,13579.28987411
2024-12-06 09:00:00+09:00,137501000.0,141502000.0,136000000.0,139340000.0,6179.75810181
2024-12-07 09:00:00+09:00,139402000.0,140411000.0,137698000.0,138960000.0,2646.58094433
2024-12-08 09:00:00+09:00,138970000.0,141400000.0,138620000.0,141005000.0,2575.9253391
2024-12-09 09:00:00+09:00,141056000.0,141399000.0,135900000.0,138864000.0,6238.33236659
2024-12-10 09:00:00+09:00,138934000.0,140000000.0,135490000.0,138205000.0,5715.11068532
2024-12-11 09:00:00+09:00,138205000.0,144276000.0,136500000.0,143111000.0,5786.50262004
2024-12-12 09:00:00+09:00,143111000.0,145000000.0,142000000.0,142757000.0,4109.65334521
2024-12-13 09:00:00+09:00,142780000.0,144865000.0,142001000.0,144402000.0,2524.28189889
2024-12-14 09:00:00+09:00,144432000.0,146051000.0,143973000.0,145927000.0,3195.75670317
2024-12-15 09:00:00+09:00,145927000.0,150000000.0,145684000.0,149243000.0,4680.01328552
2024-12-16 09:00:00+09:00,149243000.0,154924000.0,149016000.0,153403000.0,7128.61771091
2024-12-17 09:00:00+09:00,153403000.0,157198000.0,152885000.0,155223000.0,6186.2803434
2024-12-18 09:00:00+09:00,155222000.0,155949000.0,147189000.0,147754000.0,8610.82270357
2024-12-19 09:00:00+09:00,147753000.0,153299000.0,145000000.0,147474000.0,8471.89272515
2024-12-20 09:00:00+09:00,147474000.0,148460000.0,139800000.0,148138000.0,11567.34620544
2024-12-21 09:00:00+09:00,148138000.0,149700000.0,145249000.0,147830000.0,3714.24805316
2024-12-22 09:00:00+09:00,147836000.0,147950000.0,143850000.0,144800000.0,2605.0749353
2024-12-23 09:00:00+09:00,144802000.0,146200000.0,140487000.0,142901000.0,4913.29053371
2024-12-24 09:00:00+09:00,142901000.0,148148000.0,141000000.0,146831000.0,4333.3309919
2024-12-25 09:00:00+09:00,146832000.0,148566000.0,145395000.0,148081000.0,2911.45446585
2024-12-26 09:00:00+09:00,148216000.0,149000000.0,143175000.0,144076000.0,3432.78442974
2024-12-27 09:00:00+09:00,144016000.0,146117000.0,141466000.0,142111000.0,3231.26328398
2024-12-28 09:00:00+09:00,142107000.0,143000000.0,141487000.0,142302000.0,1311.56387337
2024-12-29 09:00:00+09:00,142306000.0,142380000.0,138600000.0,139735000.0,2180.40637674
2024-12-30 09:00:00+09:00,139831000.0,140680000.0,135971000.0,137892000.0,3767.66978148
2024-12-31 09:00:00+09:00,137865000.0,143483000.0,136032000.0,139257000.0,3707.45981864
2025-01-01 09:00:00+09:00,139394000.0,141631000.0,139000000.0,141320000.0,1854.53857148
2025-01-02 09:00:00+09:00,141322000.0,144826000.0,140920000.0,143848000.0,3042.22989739
2025-01-03 09:00:00+09:00,143848000.0,145755000.0,142619000.0,144655000.0,2373.01457904
2025-01-04 09:00:00+09:00,144653000.0,145500000.0,144073000.0,144745000.0,1445.66845023
2025-01-05 09:00:00+09:00,144767000.0,145357000.0,143513000.0,144700000.0,1416.06538296
2025-01-06 09:00:00+09:00,144731000.0,150300000.0,144481000.0,150264000.0,3608.9652023
2025-01-07 09:00:00+09:00,150255000.0,151000000.0,143500000.0,144789000.0,4327.71162265
2025-01-08 09:00:00+09:00,144789000.0,145161000.0,140919000.0,142368000.0,4096.89543997
2025-01-09 09:00:00+09:00,142375000.0,142776000.0,138810000.0,139740000.0,3561.45575976
2025-01-10 09:00:00+09:00,139748000.0,143886000.0,139687000.0,142457000.0,3145.42115574
2025-01-11 09:00:00+09:00,142614000.0,142617000.0,141175000.0,141771000.0,1137.28650288
2025-01-12 09:00:00+09:00,141768000.0,143245000.0,141002000.0,142086000.0,1181.13699936
2025-01-13 09:00:00+09:00,142074000.0,143500000.0,137500000.0,142108000.0,4243.48992091
2025-01-14 09:00:00+09:00,142108000.0,144999000.0,141684000.0,143501000.0,2548.98311136
2025-01-15 09:00:00+09:00,143546000.0,147724000.0,142997000.0,147309000.0,3708.08865004
2025-01-16 09:00:00+09:00,147309000.0,147804000.0,144102000.0,146670000.0,3192.45019417
2025-01-17 09:00:00+09:00,146750000.0,155509000.0,146661000.0,152345000.0,4834.721595
2025-01-18 09:00:00+09:00,152434000.0,156530000.0,151533000.0,155801000.0,3748.13380163
2025-01-19 09:00:00+09:00,155720000.0,159999000.0,150903000.0,154000000.0,7113.5465532
2025-01-20 09:00:00+09:00,154000000.0,163325000.0,151518000.0,153225000.0,10945.25324846
2025-01-21 09:00:00+09:00,153225000.0,158490000.0,151038000.0,157571000.0,4441.84077005
2025-01-22 09:00:00+09:00,157571000.0,157791000.0,154486000.0,154999000.0,2227.73336919
2025-01-23 09:00:00+09:00,154999000.0,158920000.0,152000000.0,155112000.0,4954.0302646
2025-01-24 09:00:00+09:00,155112000.0,159000000.0,154000000.0,157146000.0,2922.35240081
2025-01-25 09:00:00+09:00,157170000.0,157832000.0,156889000.0,157200000.0,1044.63297991
2025-01-26 09:00:00+09:00,157200000.0,157933000.0,156000000.0,156100000.0,1222.93708628
2025-01-27 09:00:00+09:00,156100000.0,157075000.0,151260000.0,154919000.0,5043.13655799
2025-01-28 09:00:00+09:00,154919000.0,156658000.0,153782000.0,155919000.0,1883.02467176
2025-01-29 09:00:00+09:00,155919000.0,159455000.0,155765000.0,158859000.0,2110.06837042
2025-01-30 09:00:00+09:00,158859000.0,160559000.0,157860000.0,158139000.0,2346.60990153
2025-01-31 09:00:00+09:00,158182000.0,159669000.0,155600000.0,156580000.0,2143.1574605
2025-02-01 09:00:00+09:00,156580000.0,158090000.0,155888000.0,157330000.0,1638.45948966
2025-02-02 09:00:00+09:00,157399000.0,157925000.0,152477000.0,154000000.0,4152.76471464
2025-02-03 09:00:00+09:00,154000000.0,160304000.0,145000000.0,158217000.0,10213.11727922
2025-02-04 09:00:00+09:00,158217000.0,159439000.0,153000000.0,154122000.0,3536.84929186
2025-02-05 09:00:00+09:00,154140000.0,155662000.0,151000000.0,151450000.0,1950.48905036
2025-02-06 09:00:00+09:00,151450000.0,153925000.0,150011000.0,151356000.0,1873.91456823
2025-02-07 09:00:00+09:00,151359000.0,154000000.0,148730000.0,149601000.0,2959.78108027
2025-02-08 09:00:00+09:00,149602000.0,150220000.0,147994000.0,148803000.0,1087.25702791
2025-02-09 09:00:00+09:00,148873000.0,149819000.0,146197000.0,147579000.0,1566.08357111
2025-02-10 09:00:00+09:00,147602000.0,148830000.0,146000000.0,147724000.0,1480.95765827
2025-02-11 09:00:00+09:00,147812000.0,148750000.0,145112000.0,146020000.0,1689.795504
2025-02-12 09:00:00+09:00,146034000.0,148266000.0,143429000.0,147846000.0,2370.96714608
2025-02-13 09:00:00+09:00,147846000.0,148155000.0,144580000.0,145877000.0,1343.16309497
2025-02-14 09:00:00+09:00,145802000.0,148120000.0,145270000.0,146551000.0,1448.40803795
2025-02-15 09:00:00+09:00,146551000.0,147720000.0,146200000.0,147501000.0,734.68263925
2025-02-16 09:00:00+09:00,147503000.0,147598000.0,145484000.0,145625000.0,677.26379543
2025-02-17 09:00:00+09:00,145625000.0,145980000.0,144139000.0,144390000.0,1275.40908298
2025-02-18 09:00:00+09:00,144390000.0,145352000.0,141104000.0,143728000.0,1772.0458381
2025-02-19 09:00:00+09:00,143760000.0,144743000.0,142250000.0,144312000.0,1075.5545038
2025-02-20 09:00:00+09:00,144314000.0,146000000.0,143689000.0,145719000.0,943.71043216
2025-02-21 09:00:00+09:00,145719000.0,146400000.0,141334000.0,142859000.0,1820.4146452
2025-02-22 09:00:00+09:00,142891000.0,143191000.0,141988000.0,142300000.0,701.49616078
2025-02-23 09:00:00+09:00,142364000.0,142500000.0,140019000.0,141364000.0,1103.2003906
2025-02-24 09:00:00+09:00,141371000.0,141572000.0,131800000.0,132135000.0,5104.8145837
2025-02-25 09:00:00+09:00,132135000.0,134899000.0,125004000.0,129715000.0,9063.16812162
2025-02-26 09:00:00+09:00,129715000.0,130000000.0,120723000.0,122784000.0,4911.98768458
2025-02-27 09:00:00+09:00,122775000.0,127493000.0,121500000.0,124331000.0,3832.78298284
2025-02-28 09:00:00+09:00,124404000.0,125411000.0,116504000.0,124499000.0,8051.74155398
2025-03-01 09:00:00+09:00,124499000.0,128980000.0,123342000.0,128320000.0,3200.77768269
2025-03-02 09:00:00+09:00,128320000.0,143708000.0,126464000.0,142500000.0,8085.80440191
2025-03-03 09:00:00+09:00,142500000.0,142950000.0,128097000.0,130094000.0,7256.17361103
2025-03-04 09:00:00+09:00,130110000.0,133790000.0,123473000.0,130430000.0,5728.37012415
2025-03-05 09:00:00+09:00,130368000.0,136459000.0,128980000.0,134990000.0,3700.44052536
2025-03-06 09:00:00+09:00,134990000.0,138321000.0,131220000.0,133870000.0,3705.98906398
2025-03-07 09:00:00+09:00,133858000.0,135900000.0,127470000.0,129522000.0,5361.61739526
2025-03-08 09:00:00+09:00,129522000.0,129998000.0,127390000.0,128531000.0,1365.92299763
2025-03-09 09:00:00+09:00,128579000.0,128950000.0,119864000.0,121111000.0,3764.54374771
2025-03-10 09:00:00+09:00,121039000.0,124910000.0,116355000.0,117477000.0,6052.61966672
2025-03-11 09:00:00+09:00,117495000.0,123918000.0,114763000.0,123232000.0,5825.71269624
2025-03-12 09:00:00+09:00,123232000.0,125300000.0,120153000.0,123871000.0,3356.8139394
2025-03-13 09:00:00+09:00,123871000.0,124600000.0,119000000.0,120216000.0,2477.67851474
2025-03-14 09:00:00+09:00,120216000.0,125500000.0,119737000.0,123878000.0,2090.05272344
2025-03-15 09:00:00+09:00,123855000.0,124896000.0,123200000.0,124000000.0,963.95031949
2025-03-16 09:00:00+09:00,124013000.0,125000000.0,121020000.0,121749000.0,1606.15777572
2025-03-17 09:00:00+09:00,121720000.0,123660000.0,121260000.0,122801000.0,1168.99746106
2025-03-18 09:00:00+09:00,122801000.0,122888000.0,119550000.0,121272000.0,1657.37070706
2025-03-19 09:00:00+09:00,121272000.0,127625000.0,120939000.0,127194000.0,2393.84968552
2025-03-20 09:00:00+09:00,127194000.0,128495000.0,123910000.0,124297000.0,2192.80252221
2025-03-21 09:00:00+09:00,124329000.0,125138000.0,123228000.0,124500000.0,1077.29288816
2025-03-22 09:00:00+09:00,124500000.0,124890000.0,124000000.0,124150000.0,475.0285525
2025-03-23 09:00:00+09:00,124150000.0,126938000.0,124026000.0,126937000.0,799.40587556
2025-03-24 09:00:00+09:00,126912000.0,130989000.0,126196000.0,128890000.0,2523.90072772
2025-03-25 09:00:00+09:00,128890000.0,130000000.0,127502000.0,128823000.0,1539.02381677
2025-03-26 09:00:00+09:00,128822000.0,130207000.0,127200000.0,128556000.0,1340.28242464
2025-03-27 09:00:00+09:00,128556000.0,129566000.0,127000000.0,128701000.0,1081.83540099
2025-03-28 09:00:00+09:00,128701000.0,129026000.0,124610000.0,125800000.0,1668.55336482
2025-03-29 09:00:00+09:00,125800000.0,126100000.0,122007000.0,123378000.0,1266.89857377
2025-03-30 09:00:00+09:00,123274000.0,124890000.0,122218000.0,123046000.0,831.87817259
2025-03-31 09:00:00+09:00,123046000.0,124895000.0,121263000.0,123209000.0,1473.25060899
2025-04-01 09:00:00+09:00,123209000.0,126964000.0,122800000.0,126632000.0,1593.20054893
2025-04-02 09:00:00+09:00,126632000.0,130342000.0,122500000.0,122798000.0,2784.56638855
2025-04-03 09:00:00+09:00,122794000.0,124785000.0,121002000.0,123244000.0,1841.85772528
2025-04-04 09:00:00+09:00,123244000.0,124650000.0,121100000.0,123409000.0,2378.02197014
2025-04-05 09:00:00+09:00,123409000.0,123988000.0,122033000.0,123300000.0,653.88577832
2025-04-06 09:00:00+09:00,123255000.0,123500000.0,115542000.0,117517000.0,2876.21789292
2025-04-07 09:00:00+09:00,117517000.0,121149000.0,111659000.0,118061000.0,6795.16440668
2025-04-08 09:00:00+09:00,118062000.0,120239000.0,114360000.0,114489000.0,2452.43172456
2025-04-09 09:00:00+09:00,114497000.0,123168000.0,112549000.0,121339000.0,4922.18166707
2025-04-10 09:00:00+09:00,121339000.0,122300000.0,116687000.0,117936000.0,2240.96736559
2025-04-11 09:00:00+09:00,117929000.0,122333000.0,116910000.0,121450000.0,2056.67944403
2025-04-12 09:00:00+09:00,121450000.0,123973000.0,120616000.0,123551000.0,1377.88110286
2025-04-13 09:00:00+09:00,123577000.0,124520000.0,120859000.0,121577000.0,1556.51751213
2025-04-14 09:00:00+09:00,121577000.0,124000000.0,121504000.0,122694000.0,1626.21508492
2025-04-15 09:00:00+09:00,122694000.0,125120000.0,122116000.0,122158000.0,1625.93306976
2025-04-16 09:00:00+09:00,122154000.0,123570000.0,121200000.0,121850000.0,1435.20417425
2025-04-17 09:00:00+09:00,121850000.0,123220000.0,121502000.0,122700000.0,820.08150318
2025-04-18 09:00:00+09:00,122669000.0,122916000.0,122255000.0,122288000.0,446.71287534
2025-04-19 09:00:00+09:00,122288000.0,123500000.0,122110000.0,122720000.0,584.96011123
2025-04-20 09:00:00+09:00,122720000.0,123135000.0,121571000.0,122746000.0,831.06705878
2025-04-21 09:00:00+09:00,122746000.0,126660000.0,122690000.0,126237000.0,2188.96911603
2025-04-22 09:00:00+09:00,126200000.0,134397000.0,125550000.0,133855000.0,3287.24812644
2025-04-23 09:00:00+09:00,133856000.0,135413000.0,131570000.0,134373000.0,2740.94476695
2025-04-24 09:00:00+09:00,134373000.0,134710000.0,132028000.0,134650000.0,1606.11330416
2025-04-25 09:00:00+09:00,134641000.0,137869000.0,133857000.0,136416000.0,1994.62622378
2025-04-26 09:00:00+09:00,136557000.0,137140000.0,135300000.0,136499000.0,908.87004783
2025-04-27 09:00:00+09:00,136525000.0,137400000.0,135150000.0,135150000.0,827.17040513
2025-04-28 09:00:00+09:00,135160000.0,137558000.0,133720000.0,136816000.0,1697.1570741
2025-04-29 09:00:00+09:00,136820000.0,137498000.0,135700000.0,136310000.0,1253.55021462
2025-04-30 09:00:00+09:00,136310000.0,136873000.0,134138000.0,136050000.0,1221.71840726
2025-05-01 09:00:00+09:00,136148000.0,140037000.0,136002000.0,139145000.0,1709.97264494
2025-05-02 09:00:00+09:00,139145000.0,140516000.0,137799000.0,138636000.0,1368.47182698
2025-05-03 09:00:00+09:00,138640000.0,138750000.0,137153000.0,137560000.0,624.59800168
2025-05-04 09:00:00+09:00,137598000.0,138082000.0,135582000.0,135652000.0,677.57783034
2025-05-05 09:00:00+09:00,135677000.0,136392000.0,132900000.0,134890000.0,1381.52834207
2025-05-06 09:00:00+09:00,134890000.0,137800000.0,133061000.0,137400000.0,1153.00089047
2025-05-07 09:00:00+09:00,137351000.0,138282000.0,136050000.0,137660000.0,1302.40326345
2025-05-08 09:00:00+09:00,137680000.0,145000000.0,137402000.0,144780000.0,3154.90070587
2025-05-09 09:00:00+09:00,144688000.0,146200000.0,143500000.0,143720000.0,2080.11567877
2025-05-10 09:00:00+09:00,143726000.0,145315000.0,143500000.0,144964000.0,1243.871982
2025-05-11 09:00:00+09:00,144982000.0,146495000.0,144037000.0,145510000.0,1407.7751321
2025-05-12 09:00:00+09:00,145510000.0,147300000.0,142532000.0,144875000.0,2643.29601827
2025-05-13 09:00:00+09:00,144875000.0,146644000.0,143500000.0,145880000.0,1592.07970472
2025-05-14 09:00:00+09:00,145965000.0,146430000.0,144249000.0,145718000.0,1166.66900037
2025-05-15 09:00:00+09:00,145793000.0,146639000.0,143634000.0,146026000.0,1769.20196941
2025-05-16 09:00:00+09:00,146030000.0,147117000.0,145570000.0,146465000.0,1276.22182233
2025-05-17 09:00:00+09:00,146465000.0,146828000.0,145770000.0,146555000.0,861.64733995
2025-05-18 09:00:00+09:00,146580000.0,150600000.0,146555000.0,150458000.0,1866.44894706
2025-05-19 09:00:00+09:00,150296000.0,151199000.0,145500000.0,148699000.0,2401.08645573
2025-05-20 09:00:00+09:00,148700000.0,150990000.0,147743000.0,150424000.0,1919.88762969
2025-05-21 09:00:00+09:00,150424000.0,153301000.0,148810000.0,152356000.0,3078.69314991
2025-05-22 09:00:00+09:00,152356000.0,155323000.0,152070000.0,154861000.0,2781.67594178
2025-05-23 09:00:00+09:00,154861000.0,155169000.0,149258000.0,149878000.0,3245.40940679
2025-05-24 09:00:00+09:00,149962000.0,152700000.0,149422000.0,150660000.0,1063.00688169
2025-05-25 09:00:00+09:00,150680000.0,152946000.0,149916000.0,152133000.0,975.54766995
2025-05-26 09:00:00+09:00,152133000.0,153000000.0,151509000.0,152195000.0,987.97582253
2025-05-27 09:00:00+09:00,152197000.0,153218000.0,150001000.0,151323000.0,1629.83186829
2025-05-28 09:00:00+09:00,151323000.0,151608000.0,149520000.0,150280000.0,1140.46411905
2025-05-29 09:00:00+09:00,150280000.0,151291000.0,147160000.0,147370000.0,1717.72520344
2025-05-30 09:00:00+09:00,147370000.0,149000000.0,146300000.0,147044000.0,2171.38535825
2025-05-31 09:00:00+09:00,147044000.0,148700000.0,146042000.0,147932000.0,1097.54923406
2025-06-01 09:00:00+09:00,147932000.0,149502000.0,147000000.0,149100000.0,759.69668968
2025-06-02 09:00:00+09:00,149102000.0,149166000.0,146209000.0,148074000.0,1198.05720248
2025-06-03 09:00:00+09:00,148070000.0,148900000.0,147022000.0,147322000.0,979.14377348
2025-06-04 09:00:00+09:00,147378000.0,147601000.0,145200000.0,145210000.0,1104.00724819
2025-06-05 09:00:00+09:00,145218000.0,146487000.0,140399000.0,141588000.0,2536.94255293
2025-06-06 09:00:00+09:00,141588000.0,146120000.0,140862000.0,145196000.0,1279.12726613
2025-06-07 09:00:00+09:00,145196000.0,146895000.0,144601000.0,146514000.0,603.1996993
2025-06-08 09:00:00+09:00,146540000.0,146796000.0,145196000.0,145799000.0,553.07283989
2025-06-09 09:00:00+09:00,145801000.0,150600000.0,144900000.0,150330000.0,1605.82129866
2025-06-10 09:00:00+09:00,150330000.0,150992000.0,149060000.0,150604000.0,1359.55145588
2025-06-11 09:00:00+09:00,150628000.0,151400000.0,148999000.0,149702000.0,1080.08422097
2025-06-12 09:00:00+09:00,149710000.0,149840000.0,145801000.0,145801000.0,1570.65133602
2025-06-13 09:00:00+09:00,145811000.0,147340000.0,143000000.0,147266000.0,2195.12537289
2025-06-14 09:00:00+09:00,147265000.0,147526000.0,145082000.0,146401000.0,584.40012937
2025-06-15 09:00:00+09:00,146401000.0,147100000.0,145220000.0,145997000.0,576.27420172
2025-06-16 09:00:00+09:00,145998000.0,149303000.0,145250000.0,146673000.0,1408.77470368
2025-06-17 09:00:00+09:00,146661000.0,147957000.0,143900000.0,145456000.0,1403.18502313
2025-06-18 09:00:00+09:00,145456000.0,146128000.0,144150000.0,145380000.0,870.61801942
2025-06-19 09:00:00+09:00,145381000.0,146000000.0,144500000.0,144978000.0,700.77154255
2025-06-20 09:00:00+09:00,144979000.0,146930000.0,143107000.0,143956000.0,1315.62127829
2025-06-21 09:00:00+09:00,143956000.0,144427000.0,141151000.0,142782000.0,1092.57854726
2025-06-22 09:00:00+09:00,142811000.0,144900000.0,137127000.0,140908000.0,3335.88004835
2025-06-23 09:00:00+09:00,140908000.0,147101000.0,139698000.0,146182000.0,2422.95238077
2025-06-24 09:00:00+09:00,146180000.0,146387000.0,144222000.0,145625000.0,1272.92112127
2025-06-25 09:00:00+09:00,145626000.0,148620000.0,145360000.0,147365000.0,1318.58944681
2025-06-26 09:00:00+09:00,147365000.0,148205000.0,146500000.0,146852000.0,950.33860524
2025-06-27 09:00:00+09:00,146868000.0,147628000.0,146000000.0,147058000.0,758.41022582
2025-06-28 09:00:00+09:00,147001000.0,147479000.0,146799000.0,147174000.0,291.28203061
2025-06-29 09:00:00+09:00,147174000.0,148502000.0,147091000.0,147996000.0,650.95569906
2025-06-30 09:00:00+09:00,147996000.0,148480000.0,145740000.0,145759000.0,944.35761221
2025-07-01 09:00:00+09:00,145759000.0,146678000.0,144710000.0,145019000.0,915.58085007
2025-07-02 09:00:00+09:00,145019000.0,148930000.0,144265000.0,147372000.0,1356.69500727
2025-07-03 09:00:00+09:00,147372000.0,149755000.0,147364000.0,148737000.0,1182.41237517
2025-07-04 09:00:00+09:00,148737000.0,149360000.0,146929000.0,147797000.0,819.64407007
2025-07-05 09:00:00+09:00,147798000.0,148400000.0,147655000.0,148197000.0,289.92019607
2025-07-06 09:00:00+09:00,148197000.0,149100000.0,147411000.0,148500000.0,574.67732795
2025-07-07 09:00:00+09:00,148500000.0,149100000.0,147196000.0,148100000.0,832.29461691
2025-07-08 09:00:00+09:00,148100000.0,148890000.0,147100000.0,148302000.0,670.29249832
2025-07-09 09:00:00+09:00,148302000.0,151479000.0,148000000.0,150701000.0,1496.46774735
2025-07-10 09:00:00+09:00,150750000.0,156960000.0,150200000.0,156519000.0,2648.04060121
2025-07-11 09:00:00+09:00,156517000.0,160744000.0,155000000.0,158187000.0,3339.42695041
2025-07-12 09:00:00+09:00,158187000.0,159952000.0,157200000.0,159681000.0,1039.66662029
2025-07-13 09:00:00+09:00,159683000.0,161754000.0,159450000.0,161740000.0,1227.16949574
2025-07-14 09:00:00+09:00,161740000.0,166800000.0,161357000.0,163923000.0,3490.7303061
2025-07-15 09:00:00+09:00,163923000.0,164010000.0,158658000.0,160811000.0,3179.44960753
2025-07-16 09:00:00+09:00,160811000.0,163210000.0,160175000.0,161250000.0,1841.21876947
2025-07-17 09:00:00+09:00,161246000.0,163955000.0,160002000.0,162232000.0,2240.66691129
2025-07-18 09:00:00+09:00,162232000.0,164446000.0,159301000.0,161100000.0,2771.33021866
2025-07-19 09:00:00+09:00,161098000.0,162470000.0,160788000.0,161428000.0,842.3510109
2025-07-20 09:00:00+09:00,161428000.0,162000000.0,159726000.0,160072000.0,1429.7828596
2025-07-21 09:00:00+09:00,160072000.0,162300000.0,159350000.0,160096000.0,1982.32577051
2025-07-22 09:00:00+09:00,160094000.0,162990000.0,158750000.0,162321000.0,2730.46451082
2025-07-23 09:00:00+09:00,162321000.0,162848000.0,159192000.0,161990000.0,2098.23989394
2025-07-24 09:00:00+09:00,162000000.0,162888000.0,159000000.0,160928000.0,2151.53591644
2025-07-25 09:00:00+09:00,160938000.0,161239000.0,157746000.0,160217000.0,2661.28602167
2025-07-26 09:00:00+09:00,160225000.0,161220000.0,159600000.0,160900000.0,789.27787874
2025-07-27 09:00:00+09:00,160900000.0,162800000.0,160858000.0,162717000.0,1057.82545276
2025-07-28 09:00:00+09:00,162548000.0,162985000.0,161391000.0,162483000.0,1461.59937798
2025-07-29 09:00:00+09:00,162483000.0,163800000.0,162034000.0,163158000.0,1487.53432374
2025-07-30 09:00:00+09:00,163248000.0,163708000.0,161800000.0,163118000.0,1209.08673259
2025-07-31 09:00:00+09:00,163118000.0,164300000.0,161138000.0,161398000.0,1460.98746879
2025-08-01 09:00:00+09:00,161400000.0,161770000.0,158100000.0,158102000.0,2864.49971781
2025-08-02 09:00:00+09:00,158101000.0,159362000.0,157115000.0,157376000.0,1322.24037421
2025-08-03 09:00:00+09:00,157376000.0,160324000.0,156715000.0,160227000.0,1104.10129659
2025-08-04 09:00:00+09:00,160208000.0,161400000.0,159500000.0,160332000.0,1049.67722034
2025-08-05 09:00:00+09:00,160333000.0,160571000.0,158206000.0,159999000.0,1164.16382517
2025-08-06 09:00:00+09:00,159999000.0,160955000.0,158605000.0,160000000.0,888.90291262
2025-08-07 09:00:00+09:00,160000000.0,162000000.0,159524000.0,161853000.0,1473.6112066
2025-08-08 09:00:00+09:00,161853000.0,161994000.0,160008000.0,160099000.0,1358.86703435
2025-08-09 09:00:00+09:00,160099000.0,161547000.0,160007000.0,160180000.0,1399.2385616
2025-08-10 09:00:00+09:00,160180000.0,163877000.0,160132000.0,163859000.0,2343.22751857
2025-08-11 09:00:00+09:00,163860000.0,167000000.0,163350000.0,164210000.0,3218.61763068
2025-08-12 09:00:00+09:00,164210000.0,164990000.0,163000000.0,164298000.0,2238.75147187
2025-08-13 09:00:00+09:00,164298000.0,168262000.0,163353000.0,168051000.0,2570.30205767
2025-08-14 09:00:00+09:00,168051000.0,169900000.0,162550000.0,164723000.0,4234.99357777
2025-08-15 09:00:00+09:00,164723000.0,165885000.0,163010000.0,164122000.0,1381.99175784
2025-08-16 09:00:00+09:00,164122000.0,164374000.0,162685000.0,163058000.0,813.45140276
2025-08-17 09:00:00+09:00,163058000.0,164194000.0,163035000.0,163111000.0,721.88384529
2025-08-18 09:00:00+09:00,163110000.0,163456000.0,160000000.0,161513000.0,2026.55299081
2025-08-19 09:00:00+09:00,161513000.0,162388000.0,157044000.0,157172000.0,2183.55943311
2025-08-20 09:00:00+09:00,157180000.0,159565000.0,157100000.0,159149000.0,1687.53584763
2025-08-21 09:00:00+09:00,159237000.0,159900000.0,157280000.0,157737000.0,1101.96487624
2025-08-22 09:00:00+09:00,157737000.0,162688000.0,156647000.0,161176000.0,3303.07060192
2025-08-23 09:00:00+09:00,161176000.0,161505000.0,159000000.0,159705000.0,1231.27745096
2025-08-24 09:00:00+09:00,159705000.0,160272000.0,155870000.0,157603000.0,2179.0180382
2025-08-25 09:00:00+09:00,157603000.0,158000000.0,155346000.0,155887000.0,2588.2830815
2025-08-26 09:00:00+09:00,155887000.0,157367000.0,153952000.0,156661000.0,2318.14300616
2025-08-27 09:00:00+09:00,156660000.0,157200000.0,154800000.0,155534000.0,1378.40369363
2025-08-28 09:00:00+09:00,155532000.0,157787000.0,155211000.0,156737000.0,1179.83398781
2025-08-29 09:00:00+09:00,156737000.0,157080000.0,151100000.0,152262000.0,2916.36749565
2025-08-30 09:00:00+09:00,152262000.0,152267000.0,149704000.0,151734000.0,1660.9190379
2025-08-31 09:00:00+09:00,151734000.0,152960000.0,150447000.0,150700000.0,1168.42444947
2025-09-01 09:00:00+09:00,150700000.0,152789000.0,149000000.0,152419000.0,2147.55268421
2025-09-02 09:00:00+09:00,152419000.0,155445000.0,150984000.0,154850000.0,1920.61439848
2025-09-03 09:00:00+09:00,154850000.0,156000000.0,154032000.0,154890000.0,1040.1957758
2025-09-04 09:00:00+09:00,154890000.0,156515000.0,153093000.0,155410000.0,1070.14485107
2025-09-05 09:00:00+09:00,155337000.0,157853000.0,154502000.0,154930000.0,1644.26975383
2025-09-06 09:00:00+09:00,154930000.0,155629000.0,154231000.0,154325000.0,472.77600266
2025-09-07 09:00:00+09:00,154325000.0,155784000.0,154200000.0,155001000.0,487.36392303
2025-09-08 09:00:00+09:00,155001000.0,156838000.0,154592000.0,156048000.0,850.15690616
2025-09-09 09:00:00+09:00,156048000.0,157200000.0,154697000.0,155450000.0,1398.29118063
2025-09-10 09:00:00+09:00,155451000.0,158800000.0,154950000.0,158561000.0,1438.34464883
2025-09-11 09:00:00+09:00,158562000.0,160400000.0,157777000.0,160375000.0,1550.22561596
2025-09-12 09:00:00+09:00,160395000.0,161794000.0,160000000.0,161101000.0,1460.8794118
2025-09-13 09:00:00+09:00,161110000.0,161369000.0,159461000.0,160536000.0,1011.50487891
2025-09-14 09:00:00+09:00,160536000.0,161200000.0,159899000.0,160338000.0,734.22633687
2025-09-15 09:00:00+09:00,160338000.0,161791000.0,159500000.0,160705000.0,1328.26487987
2025-09-16 09:00:00+09:00,160705000.0,162334000.0,160125000.0,162167000.0,1013.13497679
2025-09-17 09:00:00+09:00,162200000.0,163000000.0,160210000.0,161468000.0,1630.74076706
2025-09-18 09:00:00+09:00,161468000.0,163333000.0,161372000.0,162478000.0,1738.78345738
2025-09-19 09:00:00+09:00,162478000.0,163080000.0,161500000.0,162138000.0,1389.24628029
2025-09-20 09:00:00+09:00,162162000.0,162486000.0,162000000.0,162236000.0,694.36542049
2025-09-21 09:00:00+09:00,162236000.0,162239000.0,161372000.0,161412000.0,956.39786821
2025-09-22 09:00:00+09:00,161410000.0,161631000.0,159000000.0,160730000.0,3058.73284497
2025-09-23 09:00:00+09:00,160731000.0,161350000.0,158668000.0,159679000.0,1105.98353873
2025-09-24 09:00:00+09:00,159680000.0,161200000.0,159001000.0,160700000.0,989.63619655
2025-09-25 09:00:00+09:00,160700000.0,161037000.0,158000000.0,158200000.0,2072.65761536
2025-09-26 09:00:00+09:00,158219000.0,159307000.0,157100000.0,158128000.0,1636.24151791
2025-09-27 09:00:00+09:00,158129000.0,158250000.0,157126000.0,157895000.0,599.24007712
2025-09-28 09:00:00+09:00,157892000.0,160800000.0,157559000.0,160579000.0,1115.14654906
2025-09-29 09:00:00+09:00,160579000.0,163200000.0,159300000.0,162976000.0,1561.77655952
2025-09-30 09:00:00+09:00,162976000.0,163655000.0,161111000.0,162828000.0,1347.68465165
2025-10-01 09:00:00+09:00,162828000.0,168429000.0,162789000.0,168424000.0,2391.53349082
2025-10-02 09:00:00+09:00,168424000.0,170903000.0,167709000.0,170704000.0,2634.57350068
2025-10-03 09:00:00+09:00,170749000.0,174995000.0,169100000.0,173460000.0,2241.08106806
2025-10-04 09:00:00+09:00,173460000.0,174990000.0,172673000.0,174964000.0,2463.17052828
2025-10-05 09:00:00+09:00,174986000.0,178651000.0,174270000.0,177024000.0,3767.82109651
2025-10-06 09:00:00+09:00,177002000.0,178790000.0,176500000.0,177536000.0,2611.57241052
2025-10-07 09:00:00+09:00,177562000.0,178400000.0,174385000.0,175460000.0,3389.80439054
2025-10-08 09:00:00+09:00,175490000.0,178617000.0,175460000.0,178011000.0,2463.9288202
2025-10-09 09:00:00+09:00,177853000.0,179869000.0,176496000.0,177616000.0,2825.3725964
2025-10-10 09:00:00+09:00,177616000.0,178151000.0,165000000.0,172257000.0,6799.93776544
2025-10-11 09:00:00+09:00,172180000.0,173937000.0,166500000.0,170390000.0,4416.69331273
2025-10-12 09:00:00+09:00,170390000.0,174909000.0,168132000.0,173833000.0,3435.1907301
2025-10-13 09:00:00+09:00,173833000.0,175337000.0,170778000.0,171680000.0,2243.15905637
2025-10-14 09:00:00+09:00,171695000.0,172444000.0,168000000.0,170070000.0,2556.34346069
2025-10-15 09:00:00+09:00,170109000.0,170740000.0,168001000.0,168539000.0,1724.32577247
2025-10-16 09:00:00+09:00,168642000.0,170124000.0,164858000.0,165290000.0,2618.72985457
2025-10-17 09:00:00+09:00,165291000.0,166565000.0,159671000.0,163639000.0,4263.22344629
2025-10-18 09:00:00+09:00,163639000.0,164998000.0,162852000.0,163631000.0,926.13402213
2025-10-19 09:00:00+09:00,163631000.0,165996000.0,161250000.0,164806000.0,1399.97751435
2025-10-20 09:00:00+09:00,164806000.0,167468000.0,163398000.0,165911000.0,1448.62619236
2025-10-21 09:00:00+09:00,165911000.0,169336000.0,162011000.0,163400000.0,2420.85720656
2025-10-22 09:00:00+09:00,163400000.0,164406000.0,162500000.0,163153000.0,1291.51295714
2025-10-23 09:00:00+09:00,163153000.0,166400000.0,163035000.0,165546000.0,1119.20412068
2025-10-24 09:00:00+09:00,165546000.0,167381000.0,164420000.0,165703000.0,1440.09487313
2025-10-25 09:00:00+09:00,165703000.0,166849000.0,165331000.0,166310000.0,515.28984273
2025-10-26 09:00:00+09:00,166330000.0,170000000.0,166104000.0,169514000.0,1297.92398941
2025-10-27 09:00:00+09:00,169514000.0,171500000.0,168793000.0,168980000.0,1539.67425404
2025-10-28 09:00:00+09:00,168980000.0,170859000.0,167550000.0,168263000.0,1268.51890121
2025-10-29 09:00:00+09:00,168263000.0,168401000.0,164000000.0,164617000.0,1947.2314325
2025-10-30 09:00:00+09:00,164597000.0,166201000.0,162000000.0,164258000.0,2160.38972862
2025-10-31 09:00:00+09:00,164259000.0,166000000.0,163255000.0,164275000.0,1085.96360328
2025-11-01 09:00:00+09:00,164275000.0,164692000.0,163410000.0,164000000.0,394.93497609
2025-11-02 09:00:00+09:00,164001000.0,165139000.0,163300000.0,164129000.0,538.34171488
2025-11-03 09:00:00+09:00,164074000.0,164133000.0,158000000.0,158587000.0,3370.61616028
2025-11-04 09:00:00+09:00,158589000.0,161128000.0,147651000.0,152873000.0,6623.28166665
2025-11-05 09:00:00+09:00,152873000.0,156324000.0,146679000.0,156008000.0,4638.82222413
2025-11-06 09:00:00+09:00,156008000.0,156126000.0,150500000.0,151401000.0,1828.65611327
2025-11-07 09:00:00+09:00,151412000.0,154961000.0,148831000.0,153850000.0,2342.63161192
2025-11-08 09:00:00+09:00,153850000.0,154400000.0,151353000.0,152541000.0,879.04177043
2025-11-09 09:00:00+09:00,152542000.0,156300000.0,151279000.0,155490000.0,1204.96625518
2025-11-10 09:00:00+09:00,155490000.0,158330000.0,154922000.0,156797000.0,1825.40211546
2025-11-11 09:00:00+09:00,156802000.0,159150000.0,153267000.0,154302000.0,1489.05390557
2025-11-12 09:00:00+09:00,154302000.0,157200000.0,152000000.0,153300000.0,1370.69258931
2025-11-13 09:00:00+09:00,153300000.0,155271000.0,149000000.0,151306000.0,2615.18799842
2025-11-14 09:00:00+09:00,151314000.0,151619000.0,142950000.0,143623000.0,6095.07370382
2025-11-15 09:00:00+09:00,143623000.0,146306000.0,143489000.0,144265000.0,1515.28574425
2025-11-16 09:00:00+09:00,144265000.0,144888000.0,138663000.0,140320000.0,3306.73095286
2025-11-17 09:00:00+09:00,140320000.0,142926000.0,137127000.0,137706000.0,3402.72907309
2025-11-18 09:00:00+09:00,137706000.0,139184000.0,132200000.0,137750000.0,6342.5202439
2025-11-19 09:00:00+09:00,137750000.0,137807000.0,132449000.0,136500000.0,2862.63500623
2025-11-20 09:00:00+09:00,136500000.0,138621000.0,129800000.0,129896000.0,4303.83230626
2025-11-21 09:00:00+09:00,129896000.0,131000000.0,121455000.0,128044000.0,8849.11214826
2025-11-22 09:00:00+09:00,128044000.0,129000000.0,125609000.0,127333000.0,1739.59714235
2025-11-23 09:00:00+09:00,127373000.0,133852000.0,127327000.0,131960000.0,3695.67167349
2025-11-24 09:00:00+09:00,131998000.0,133761000.0,129050000.0,132574000.0,3273.54848822
2025-11-25 09:00:00+09:00,132574000.0,132750000.0,129365000.0,130736000.0,2126.40154021
2025-11-26 09:00:00+09:00,130779000.0,135485000.0,129600000.0,135366000.0,2216.72386044
2025-11-27 09:00:00+09:00,135366000.0,138400000.0,134608000.0,136941000.0,2460.70846276
2025-11-28 09:00:00+09:00,136989000.0,139868000.0,135691000.0,136334000.0,1928.85863285
2025-11-29 09:00:00+09:00,136334000.0,136770000.0,135300000.0,136073000.0,769.16757448
2025-11-30 09:00:00+09:00,136000000.0,137631000.0,135600000.0,135744000.0,776.74497018
2025-12-01 09:00:00+09:00,135752000.0,135839000.0,125809000.0,129172000.0,5383.62240806
2025-12-02 09:00:00+09:00,129169000.0,137330000.0,128650000.0,135626000.0,2981.09361989
2025-12-03 09:00:00+09:00,135683000.0,140212000.0,135200000.0,138881000.0,2892.41653651
2025-12-04 09:00:00+09:00,138998000.0,139769000.0,135909000.0,137390000.0,1624.69297075
2025-12-05 09:00:00+09:00,137447000.0,138298000.0,132000000.0,133828000.0,1944.65242825
2025-12-06 09:00:00+09:00,133870000.0,134940000.0,133200000.0,133598000.0,675.40470233
2025-12-07 09:00:00+09:00,133601000.0,136800000.0,131333000.0,135195000.0,1255.39465592
2025-12-08 09:00:00+09:00,135195000.0,137296000.0,133758000.0,134986000.0,1384.0073064
2025-12-09 09:00:00+09:00,134975000.0,139858000.0,133300000.0,137200000.0,1957.43520256
2025-12-10 09:00:00+09:00,137254000.0,139789000.0,136304000.0,136700000.0,1708.13265878
2025-12-11 09:00:00+09:00,136702000.0,138792000.0,133364000.0,137332000.0,1851.33056914
2025-12-12 09:00:00+09:00,137333000.0,137731000.0,134134000.0,134902000.0,1248.58776744
2025-12-13 09:00:00+09:00,134930000.0,135120000.0,134150000.0,134733000.0,492.0558567
2025-12-14 09:00:00+09:00,134733000.0,135000000.0,131183000.0,131795000.0,1158.59216437
2025-12-15 09:00:00+09:00,131797000.0,134235000.0,127602000.0,129132000.0,2256.23690222
2025-12-16 09:00:00+09:00,129132000.0,131100000.0,127000000.0,130682000.0,1837.67046579
2025-12-17 09:00:00+09:00,130682000.0,134100000.0,127633000.0,128680000.0,1765.6164555
2025-12-18 09:00:00+09:00,128680000.0,132900000.0,126226000.0,127135000.0,2340.67880555
2025-12-19 09:00:00+09:00,127233000.0,132770000.0,126551000.0,131223000.0,2121.91118891
2025-12-20 09:00:00+09:00,131223000.0,132189000.0,130767000.0,131469000.0,533.95265461
2025-12-21 09:00:00+09:00,131526000.0,132486000.0,130399000.0,131860000.0,732.35677464
2025-12-22 09:00:00+09:00,131859000.0,134750000.0,131050000.0,132200000.0,1607.47665651
2025-12-23 09:00:00+09:00,132201000.0,132618000.0,129380000.0,130451000.0,1251.77181168
2025-12-24 09:00:00+09:00,130451000.0,130550000.0,127900000.0,129236000.0,1233.62965006
2025-12-25 09:00:00+09:00,129236000.0,130200000.0,128100000.0,128498000.0,673.76504377
2025-12-26 09:00:00+09:00,128497000.0,130800000.0,127439000.0,128152000.0,1416.92893291
2025-12-27 09:00:00+09:00,128149000.0,128396000.0,127713000.0,128298000.0,382.26856914
2025-12-28 09:00:00+09:00,128298000.0,128385000.0,127522000.0,127914000.0,414.89194697
2025-12-29 09:00:00+09:00,127914000.0,130575000.0,126500000.0,127161000.0,1716.16307789
2025-12-30 09:00:00+09:00,127161000.0,129602000.0,126356000.0,128570000.0,1093.6008784
2025-12-31 09:00:00+09:00,128570000.0,129211000.0,127501000.0,128067000.0,766.93902682
2026-01-01 09:00:00+09:00,128000000.0,128943000.0,127864000.0,128830000.0,483.26770513
2026-01-02 09:00:00+09:00,128830000.0,131400000.0,128321000.0,130150000.0,1503.23975291
2026-01-03 09:00:00+09:00,130151000.0,131103000.0,129290000.0,131077000.0,777.87069983
2026-01-04 09:00:00+09:00,131077000.0,132880000.0,131060000.0,132386000.0,963.73906887
2026-01-05 09:00:00+09:00,132386000.0,136950000.0,132364000.0,136074000.0,2066.27446338
2026-01-06 09:00:00+09:00,136074000.0,136800000.0,133182000.0,136299000.0,1700.60775251
2026-01-07 09:00:00+09:00,136299000.0,136299000.0,132500000.0,132939000.0,1303.7621332
2026-01-08 09:00:00+09:00,132939000.0,133750000.0,130777000.0,133174000.0,1215.09100251
2026-01-09 09:00:00+09:00,133200000.0,134809000.0,131770000.0,133451000.0,839.63400522
2026-01-10 09:00:00+09:00,133449000.0,133895000.0,133200000.0,133503000.0,284.42249811
2026-01-11 09:00:00+09:00,133503000.0,134250000.0,133106000.0,133702000.0,421.49682452
2026-01-12 09:00:00+09:00,133751000.0,136000000.0,133200000.0,134602000.0,1315.03099916
2026-01-13 09:00:00+09:00,134602000.0,140670000.0,134321000.0,139968000.0,1960.12905214
2026-01-14 09:00:00+09:00,139946000.0,143050000.0,138800000.0,142160000.0,1980.87710753
2026-01-15 09:00:00+09:00,142160000.0,142815000.0,140400000.0,140907000.0,1439.1419475
2026-01-16 09:00:00+09:00,140907000.0,141346000.0,139800000.0,141083000.0,896.66376962
2026-01-17 09:00:00+09:00,141087000.0,141250000.0,140409000.0,140527000.0,429.07237668
2026-01-18 09:00:00+09:00,140526000.0,141200000.0,138894000.0,138940000.0,642.23701912
2026-01-19 09:00:00+09:00,138944000.0,138993000.0,136590000.0,137010000.0,1474.79458216
2026-01-20 09:00:00+09:00,137010000.0,137650000.0,131118000.0,131849000.0,2250.38139501
2026-01-21 09:00:00+09:00,131849000.0,134345000.0,130000000.0,132505000.0,2064.78202226
2026-01-22 09:00:00+09:00,132505000.0,134069000.0,131786000.0,132864000.0,871.38541481
2026-01-23 09:00:00+09:00,132864000.0,134741000.0,131568000.0,131961000.0,991.5855696
2026-01-24 09:00:00+09:00,131906000.0,132440000.0,131643000.0,131644000.0,370.28959478
2026-01-25 09:00:00+09:00,131644000.0,131880000.0,128000000.0,128500000.0,1544.95496972
2026-01-26 09:00:00+09:00,128500000.0,129900000.0,127800000.0,129474000.0,1509.24682749
2026-01-27 09:00:00+09:00,129474000.0,130349000.0,127800000.0,129687000.0,1119.30852055
2026-01-28 09:00:00+09:00,129690000.0,131300000.0,128423000.0,129079000.0,1112.7722633
2026-01-29 09:00:00+09:00,129051000.0,129080000.0,122734000.0,124287000.0,2871.72981112
2026-01-30 09:00:00+09:00,124258000.0,125300000.0,119100000.0,125210000.0,3579.23932955
2026-01-31 09:00:00+09:00,125210000.0,125220000.0,114971000.0,117616000.0,3707.03152282
2026-02-01 09:00:00+09:00,117616000.0,118500000.0,112000000.0,113416000.0,3563.50035811
2026-02-02 09:00:00+09:00,113416000.0,117350000.0,110638000.0,116997000.0,3681.90848017
2026-02-03 09:00:00+09:00,116932000.0,117316000.0,108800000.0,111882000.0,3143.52353563
2026-02-04 09:00:00+09:00,111882000.0,113470000.0,106510000.0,107867000.0,3504.39567887
2026-02-05 09:00:00+09:00,107867000.0,108262000.0,92039000.0,92920000.0,12556.16349859
2026-02-06 09:00:00+09:00,92894000.0,106801000.0,89000000.0,104990000.0,12766.90988436
2026-02-07 09:00:00+09:00,104995000.0,106500000.0,99599000.0,102617000.0,4914.19674411
2026-02-08 09:00:00+09:00,102602000.0,107047000.0,102063000.0,104587000.0,2654.82455589
2026-02-09 09:00:00+09:00,104597000.0,105979000.0,101300000.0,103479000.0,2616.25875622
2026-02-10 09:00:00+09:00,103479000.0,104188000.0,101000000.0,102136000.0,1879.31789908
2026-02-11 09:00:00+09:00,102136000.0,102702000.0,97712000.0,99166000.0,3680.91846931
2026-02-12 09:00:00+09:00,99162000.0,100367000.0,96000000.0,97328000.0,2306.02573244
2026-02-13 09:00:00+09:00,97327000.0,101663000.0,96700000.0,100786000.0,2257.61835963
2026-02-14 09:00:00+09:00,100799000.0,104195000.0,100560000.0,102850000.0,2061.91988223
2026-02-15 09:00:00+09:00,102864000.0,105000000.0,100853000.0,102103000.0,2233.68470991
2026-02-16 09:00:00+09:00,102158000.0,103708000.0,100047000.0,101944000.0,1542.15065177
2026-02-17 09:00:00+09:00,101944000.0,102455000.0,99051000.0,100054000.0,1518.62064636
2026-02-18 09:00:00+09:00,100054000.0,100956000.0,98115000.0,98622000.0,1554.46249904
2026-02-19 09:00:00+09:00,98622000.0,99409000.0,97069000.0,98846000.0,1533.36606451
2026-02-20 09:00:00+09:00,98847000.0,100620000.0,98263000.0,100065000.0,1652.57790948
2026-02-21 09:00:00+09:00,100066000.0,100932000.0,99415000.0,99986000.0,775.44852523
2026-02-22 09:00:00+09:00,100033000.0,100263000.0,98912000.0,99542000.0,698.63986906
2026-02-23 09:00:00+09:00,99579000.0,99580000.0,94346000.0,95352000.0,3494.8717926
2026-02-24 09:00:00+09:00,95352000.0,95762000.0,92000000.0,93807000.0,3095.24924342
2026-02-25 09:00:00+09:00,93807000.0,100482000.0,93400000.0,97937000.0,3478.09466755
2026-02-26 09:00:00+09:00,97935000.0,99223000.0,96343000.0,97449000.0,1956.33610352
2026-02-27 09:00:00+09:00,97450000.0,98600000.0,95061000.0,96121000.0,1703.63306742
2026-02-28 09:00:00+09:00,96120000.0,98601000.0,92632000.0,97626000.0,2847.00807153
2026-03-01 09:00:00+09:00,97626000.0,99005000.0,95100000.0,95904000.0,2045.73502017
2026-03-02 09:00:00+09:00,95906000.0,102200000.0,95871000.0,100520000.0,3475.71979494
2026-03-03 09:00:00+09:00,100578000.0,101549000.0,97493000.0,100274000.0,2835.57698815
2026-03-04 09:00:00+09:00,100310000.0,107294000.0,98907000.0,105374000.0,4453.71378259
2026-03-05 09:00:00+09:00,105374000.0,107547000.0,103747000.0,103877000.0,2486.41901634
2026-03-06 09:00:00+09:00,103877000.0,104699000.0,100185000.0,100763000.0,1995.58183067
2026-03-07 09:00:00+09:00,100821000.0,101200000.0,99099000.0,99385000.0,1049.70573746
2026-03-08 09:00:00+09:00,99387000.0,100912000.0,97500000.0,97845000.0,1436.7190693
2026-03-09 09:00:00+09:00,97845000.0,102200000.0,97668000.0,100425000.0,1914.23416011
2026-03-10 09:00:00+09:00,100499000.0,104500000.0,100413000.0,102417000.0,2065.78409209
2026-03-11 09:00:00+09:00,102417000.0,104099000.0,101150000.0,102731000.0,1441.84376606
2026-03-12 09:00:00+09:00,102734000.0,103416000.0,101600000.0,103248000.0,1196.47739976
2026-03-13 09:00:00+09:00,103247000.0,108100000.0,103087000.0,104404000.0,3050.38911407
2026-03-14 09:00:00+09:00,104477000.0,105200000.0,103921000.0,105131000.0,730.61605861
2026-03-15 09:00:00+09:00,105199000.0,107381000.0,104665000.0,106940000.0,1181.55031611
2026-03-16 09:00:00+09:00,106995000.0,110198000.0,106114000.0,110058000.0,3345.48509863
2026-03-17 09:00:00+09:00,110062000.0,112450000.0,108500000.0,109012000.0,2868.67593958
2026-03-18 09:00:00+09:00,109015000.0,110022000.0,104935000.0,106000000.0,2441.75375374
2026-03-19 09:00:00+09:00,106000000.0,106392000.0,102580000.0,104078000.0,2022.57056593
2026-03-20 09:00:00+09:00,104078000.0,106200000.0,103865000.0,105314000.0,1361.28731847
2026-03-21 09:00:00+09:00,105399000.0,106446000.0,103452000.0,103782000.0,726.2663963
2026-03-22 09:00:00+09:00,103831000.0,104488000.0,101659000.0,102021000.0,1403.49160789
2026-03-23 09:00:00+09:00,102021000.0,106700000.0,101384000.0,105247000.0,2588.8579611
2026-03-24 09:00:00+09:00,105290000.0,106270000.0,103300000.0,105149000.0,1416.87243013
2026-03-25 09:00:00+09:00,105149000.0,107301000.0,105005000.0,106523000.0,1454.62782271
2026-03-26 09:00:00+09:00,106524000.0,106754000.0,103154000.0,103849000.0,1452.37907073
2026-03-27 09:00:00+09:00,103959000.0,104300000.0,99952000.0,101019000.0,2223.46690182
2026-03-28 09:00:00+09:00,101019000.0,101969000.0,100172000.0,100895000.0,754.96792086
2026-03-29 09:00:00+09:00,100892000.0,101775000.0,99212000.0,100379000.0,825.69610384
2026-03-30 09:00:00+09:00,100379000.0,103182000.0,100166000.0,101468000.0,1306.53785977
2026-03-31 09:00:00+09:00,101468000.0,103800000.0,100900000.0,103275000.0,1676.72932726
2026-04-01 09:00:00+09:00,103342000.0,104211000.0,102347000.0,103129000.0,1332.0325435
2026-04-02 09:00:00+09:00,103129000.0,103819000.0,100408000.0,101723000.0,1561.4496631
2026-04-03 09:00:00+09:00,101737000.0,102030000.0,100839000.0,101648000.0,580.29700081
2026-04-04 09:00:00+09:00,101648000.0,102470000.0,101450000.0,102147000.0,343.07606129
2026-04-05 09:00:00+09:00,102131000.0,104567000.0,101395000.0,104288000.0,779.84929805
2026-04-06 09:00:00+09:00,104289000.0,105600000.0,103240000.0,103923000.0,1435.10487791
2026-04-07 09:00:00+09:00,103964000.0,108318000.0,102400000.0,107255000.0,1883.79697717
2026-04-08 09:00:00+09:00,107295000.0,108000000.0,105167000.0,105862000.0,1649.39499066
2026-04-09 09:00:00+09:00,105868000.0,108062000.0,105080000.0,106628000.0,1246.96347005
2026-04-10 09:00:00+09:00,106695000.0,108779000.0,106506000.0,108308000.0,1350.98820683
2026-04-11 09:00:00+09:00,108308000.0,109384000.0,107980000.0,108567000.0,847.47041085
2026-04-12 09:00:00+09:00,108567000.0,108765000.0,105443000.0,105700000.0,1365.15635978
2026-04-13 09:00:00+09:00,105732000.0,110276000.0,105438000.0,109806000.0,1781.79960823
2026-04-14 09:00:00+09:00,109804000.0,111996000.0,109200000.0,109875000.0,1946.4221332
2026-04-15 09:00:00+09:00,109870000.0,111016000.0,109020000.0,110456000.0,1297.58766747
2026-04-16 09:00:00+09:00,110455000.0,111194000.0,108661000.0,110782000.0,1459.88771828
2026-04-17 09:00:00+09:00,110782000.0,114891000.0,110175000.0,113773000.0,2616.6547406
2026-04-18 09:00:00+09:00,113741000.0,114399000.0,112000000.0,112375000.0,1366.77272363
2026-04-19 09:00:00+09:00,112417000.0,113300000.0,110003000.0,110020000.0,1329.40240278
2026-04-20 09:00:00+09:00,110040000.0,113200000.0,110000000.0,112455000.0,1322.05361212
2026-04-21 09:00:00+09:00,112455000.0,113500000.0,111450000.0,113049000.0,1426.95503793
2026-04-22 09:00:00+09:00,113049000.0,117471000.0,112779000.0,115901000.0,2421.27534169
2026-04-23 09:00:00+09:00,115909000.0,116800000.0,114750000.0,116429000.0,1761.23295182
2026-04-24 09:00:00+09:00,116430000.0,116843000.0,115140000.0,115463000.0,1295.9139362
2026-04-25 09:00:00+09:00,115464000.0,115935000.0,115002000.0,115696000.0,602.75766352
2026-04-26 09:00:00+09:00,115696000.0,117151000.0,115215000.0,116655000.0,742.23012758
2026-04-27 09:00:00+09:00,116692000.0,117736000.0,114089000.0,115338000.0,1895.39020214
2026-04-28 09:00:00+09:00,115304000.0,115338000.0,112648000.0,113437000.0,1261.77253764
2026-04-29 09:00:00+09:00,113441000.0,115503000.0,112370000.0,113406000.0,1259.1454513
2026-04-30 09:00:00+09:00,113394000.0,114081000.0,112500000.0,113810000.0,922.27223519
2026-05-01 09:00:00+09:00,113810000.0,116777000.0,113751000.0,115947000.0,1147.72109231
2026-05-02 09:00:00+09:00,115999000.0,117000000.0,115797000.0,116561000.0,639.79434897
2026-05-03 09:00:00+09:00,116561000.0,117338000.0,116006000.0,116590000.0,844.73431745
2026-05-04 09:00:00+09:00,116590000.0,119427000.0,116058000.0,118620000.0,2539.12525144
2026-05-05 09:00:00+09:00,118620000.0,120950000.0,118523000.0,119724000.0,2084.52064879
2026-05-06 09:00:00+09:00,119742000.0,120845000.0,119102000.0,119394000.0,1790.80033013
2026-05-07 09:00:00+09:00,119394000.0,119804000.0,117220000.0,117896000.0,1627.79735208
2026-05-08 09:00:00+09:00,117896000.0,118990000.0,117090000.0,118150000.0,1035.86148274
2026-05-09 09:00:00+09:00,118170000.0,119306000.0,118106000.0,118954000.0,543.23189271
2026-05-10 09:00:00+09:00,118992000.0,120570000.0,118000000.0,120433000.0,1175.51686781
2026-05-11 09:00:00+09:00,120461000.0,120700000.0,118739000.0,120095000.0,1432.1862107
2026-05-12 09:00:00+09:00,120095000.0,120297000.0,118646000.0,119202000.0,1157.86876615
2026-05-13 09:00:00+09:00,119202000.0,120339000.0,117300000.0,117854000.0,1531.37256455
2026-05-14 09:00:00+09:00,117854000.0,121000000.0,117325000.0,119848000.0,1626.11678986
2026-05-15 09:00:00+09:00,119849000.0,121000000.0,117093000.0,117780000.0,1570.54469031
2026-05-16 09:00:00+09:00,117783000.0,118050000.0,115833000.0,116697000.0,1060.99799473
2026-05-17 09:00:00+09:00,116706000.0,117199000.0,114953000.0,115494000.0,801.52424703
2026-05-18 09:00:00+09:00,115494000.0,115600000.0,113305000.0,114328000.0,1707.87015892
2026-05-19 09:00:00+09:00,114350000.0,115063000.0,113657000.0,114473000.0,694.91606885
2026-05-20 09:00:00+09:00,114473000.0,115612000.0,113900000.0,114949000.0,877.52588229
2026-05-21 09:00:00+09:00,114949000.0,116000000.0,114215000.0,115159000.0,811.92000986
2026-05-22 09:00:00+09:00,115159000.0,115651000.0,113186000.0,113350000.0,914.45871166
2026-05-23 09:00:00+09:00,113350000.0,115500000.0,111750000.0,114869000.0,1420.60469953
2026-05-24 09:00:00+09:00,114869000.0,115707000.0,114000000.0,115381000.0,633.57886071
2026-05-25 09:00:00+09:00,115381000.0,115732000.0,114675000.0,114891000.0,611.08173177
2026-05-26 09:00:00+09:00,114935000.0,115250000.0,112420000.0,112425000.0,1322.67969232
2026-05-27 09:00:00+09:00,112425000.0,112607000.0,109248000.0,109549000.0,1905.2761169
2026-05-28 09:00:00+09:00,109549000.0,110001000.0,107175000.0,108465000.0,2087.15509232
2026-05-29 09:00:00+09:00,108469000.0,109823000.0,107484000.0,108790000.0,1233.51377641
2026-05-30 09:00:00+09:00,108790000.0,109698000.0,108591000.0,109399000.0,474.14385293
2026-05-31 09:00:00+09:00,109399000.0,109900000.0,108276000.0,108445000.0,639.05758276
2026-06-01 09:00:00+09:00,108445000.0,109030000.0,103747000.0,104140000.0,2755.98631116
2026-06-02 09:00:00+09:00,104140000.0,104140000.0,98110000.0,98760000.0,4015.85351498
2026-06-03 09:00:00+09:00,98760000.0,100073000.0,95015000.0,95032000.0,2900.1217542
2026-06-04 09:00:00+09:00,95032000.0,96604000.0,91523000.0,95506000.0,3659.01395492
2026-06-05 09:00:00+09:00,95506000.0,95506000.0,90500000.0,93000000.0,3244.14512917
2026-06-06 09:00:00+09:00,93000000.0,93600000.0,90895000.0,92560000.0,1231.0380219
2026-06-07 09:00:00+09:00,92560000.0,97000000.0,92353000.0,95430000.0,1892.84064453
2026-06-08 09:00:00+09:00,95502000.0,96400000.0,94000000.0,94730000.0,1362.86783112
2026-06-09 09:00:00+09:00,94735000.0,94980000.0,91700000.0,92555000.0,1333.84495975
2026-06-10 09:00:00+09:00,92555000.0,94470000.0,91500000.0,92601000.0,1257.28033349
2026-06-11 09:00:00+09:00,92560000.0,95800000.0,92558000.0,95623000.0,1035.23657875
2026-06-12 09:00:00+09:00,95623000.0,96947000.0,94598000.0,96029000.0,933.99549438
2026-06-13 09:00:00+09:00,96029000.0,97713000.0,95801000.0,97475000.0,688.18510032
2026-06-14 09:00:00+09:00,97476000.0,99265000.0,96060000.0,99190000.0,1233.5125011
2026-06-15 09:00:00+09:00,99200000.0,100992000.0,98000000.0,99588000.0,1697.61065765
2026-06-16 09:00:00+09:00,99576000.0,100639000.0,98225000.0,98645000.0,1009.04221399
2026-06-17 09:00:00+09:00,98624000.0,99633000.0,96511000.0,97219000.0,1196.61245738
2026-06-18 09:00:00+09:00,97277000.0,97542000.0,94323000.0,94988000.0,1282.47954852
2026-06-19 09:00:00+09:00,94988000.0,96199000.0,94040000.0,96102000.0,892.40221955
2026-06-20 09:00:00+09:00,96074000.0,97332000.0,95600000.0,97291000.0,560.96289154
2026-06-21 09:00:00+09:00,97261000.0,97593000.0,95300000.0,95395000.0,587.49364773
2026-06-22 09:00:00+09:00,95395000.0,98625000.0,95300000.0,96640000.0,1005.45963995
2026-06-23 09:00:00+09:00,96640000.0,97000000.0,93569000.0,94490000.0,1253.66800918
2026-06-24 09:00:00+09:00,94490000.0,95448000.0,90500000.0,92583000.0,2098.20428118
2026-06-25 09:00:00+09:00,92583000.0,93699000.0,89390000.0,90890000.0,2413.24718552
2026-06-26 09:00:00+09:00,90899000.0,92000000.0,89000000.0,91165000.0,1907.46720345
2026-06-27 09:00:00+09:00,91165000.0,92300000.0,90777000.0,91144000.0,548.52642121
2026-06-28 09:00:00+09:00,91130000.0,91700000.0,89550000.0,90224000.0,624.0338072
2026-06-29 09:00:00+09:00,90240000.0,91960000.0,89454000.0,91106000.0,1200.46557163
2026-06-30 09:00:00+09:00,91135000.0,91187000.0,89000000.0,89290000.0,1217.23838609
2026-07-01 09:00:00+09:00,89348000.0,92890000.0,88770000.0,91116000.0,1580.59808512
2026-07-02 09:00:00+09:00,91163000.0,93835000.0,90500000.0,92950000.0,1274.22391659
2026-07-03 09:00:00+09:00,92950000.0,94850000.0,92430000.0,94387000.0,881.21642467
2026-07-04 09:00:00+09:00,94392000.0,95700000.0,94108000.0,95242000.0,634.2237493
2026-07-05 09:00:00+09:00,95265000.0,96100000.0,94254000.0,95672000.0,604.48447936
2026-07-06 09:00:00+09:00,95673000.0,97000000.0,92513000.0,96040000.0,1313.67195117
2026-07-07 09:00:00+09:00,96110000.0,96512000.0,94101000.0,94922000.0,1001.38817531
2026-07-08 09:00:00+09:00,94950000.0,95444000.0,92144000.0,92917000.0,1043.11942592
2026-07-09 09:00:00+09:00,92917000.0,94750000.0,92145000.0,94317000.0,705.63191598
2026-07-10 09:00:00+09:00,94317000.0,96300000.0,93932000.0,95718000.0,794.67078579
2026-07-11 09:00:00+09:00,95718000.0,96154000.0,95200000.0,95226000.0,337.2091159
2026-07-12 09:00:00+09:00,95266000.0,95823000.0,95001000.0,95003000.0,390.26815609
2026-07-13 09:00:00+09:00,95087000.0,95950000.0,92092000.0,92347000.0,1209.37336576
2026-07-14 09:00:00+09:00,92347000.0,95637000.0,92067000.0,95464000.0,1091.38965898
2026-07-15 09:00:00+09:00,95436000.0,96435000.0,94830000.0,95130000.0,847.58387491
2026-07-16 09:00:00+09:00,95159000.0,95333000.0,93899000.0,93949000.0,679.38786555
2026-07-17 09:00:00+09:00,93949000.0,94950000.0,92579000.0,94300000.0,705.67450996
2026-07-18 09:00:00+09:00,94300000.0,95600000.0,94137000.0,95485000.0,353.16077384
2026-07-19 09:00:00+09:00,95495000.0,95610000.0,94701000.0,95073000.0,406.12119472
2026-07-20 09:00:00+09:00,95073000.0,95951000.0,93672000.0,95250000.0,875.38657976
2026-07-21 09:00:00+09:00,95250000.0,97800000.0,95101000.0,97200000.0,1009.69848984
2026-07-22 09:00:00+09:00,97219000.0,97600000.0,95846000.0,96557000.0,661.40565482
2026-07-23 09:00:00+09:00,96558000.0,96768000.0,94811000.0,95351000.0,600.51930242
2026-07-24 09:00:00+09:00,95365000.0,95799000.0,93379000.0,94019000.0,754.17620202
2026-07-25 09:00:00+09:00,94019000.0,94333000.0,93401000.0,94224000.0,330.73346953
2026-07-26 09:00:00+09:00,94226000.0,95238000.0,94000000.0,95068000.0,402.2849038
2026-07-27 09:00:00+09:00,95016000.0,95482000.0,93000000.0,93147000.0,733.94140922
2026-07-28 09:00:00+09:00,93147000.0,93285000.0,91500000.0,92680000.0,969.61906187
2026-07-29 09:00:00+09:00,92680000.0,92996000.0,91000000.0,91424000.0,1056.90270855
2026-07-30 09:00:00+09:00,91374000.0,92460000.0,90888000.0,91620000.0,660.88092086
2026-07-31 09:00:00+09:00,91565000.0,92849000.0,89900000.0,90360000.0,1030.46290029
2026-08-01 09:00:00+09:00,90363000.0,90818000.0,89800000.0,90557000.0,357.97125573
2026-08-02 09:00:00+09:00,90557000.0,91398000.0,90419000.0,90890000.0,370.8848008
2026-08-03 09:00:00+09:00,90938000.0,91100000.0,89001000.0,90380000.0,923.76352065
2026-08-04 09:00:00+09:00,90380000.0,91648000.0,90099000.0,91274000.0,528.79428627
2026-08-05 09:00:00+09:00,91238000.0,92100000.0,90861000.0,91729000.0,441.9831968
2026-08-06 09:00:00+09:00,91729000.0,92009000.0,91071000.0,91247000.0,418.75800658
2026-08-07 09:00:00+09:00,91248000.0,92100000.0,90651000.0,91338000.0,552.79951445
2026-08-08 09:00:00+09:00,91338000.0,91568000.0,91184000.0,91351000.0,172.58509034
2026-08-09 09:00:00+09:00,91390000.0,91777000.0,91100000.0,91130000.0,221.02824343
2026-08-10 09:00:00+09:00,91116000.0,91950000.0,90118000.0,90322000.0,618.06960285
2026-08-11 09:00:00+09:00,90349000.0,90686000.0,89230000.0,89639000.0,651.8806722
2026-08-12 09:00:00+09:00,89672000.0,90725000.0,89414000.0,89642000.0,558.53165482
2026-08-13 09:00:00+09:00,89642000.0,90230000.0,89000000.0,89554000.0,559.72240331
2026-08-14 09:00:00+09:00,89580000.0,89731000.0,88342000.0,89120000.0,923.84971163
2026-08-15 09:00:00+09:00,89141000.0,89342000.0,88973000.0,89246000.0,220.35317702
2026-08-16 09:00:00+09:00,89266000.0,89650000.0,88901000.0,89168000.0,204.28121599
2026-08-17 09:00:00+09:00,89197000.0,91000000.0,88992000.0,90959000.0,469.53177014
2026-08-18 09:00:00+09:00,90959000.0,91257000.0,90060000.0,90933000.0,455.04663761
2026-08-19 09:00:00+09:00,90906000.0,95600000.0,89550000.0,95347000.0,1754.322643
2026-08-20 09:00:00+09:00,95347000.0,100900000.0,94846000.0,100591000.0,2438.80701422
2026-08-21 09:00:00+09:00,100591000.0,109500000.0,100590000.0,107503000.0,3917.79900527
2026-08-22 09:00:00+09:00,107449000.0,108609000.0,103938000.0,105580000.0,2387.73907151
2026-08-23 09:00:00+09:00,105581000.0,106759000.0,103990000.0,106736000.0,1200.90888117
2026-08-24 09:00:00+09:00,106735000.0,109701000.0,105273000.0,108653000.0,1825.27931071
2026-08-25 09:00:00+09:00,108653000.0,111545000.0,108264000.0,109165000.0,2321.06163819
2026-08-26 09:00:00+09:00,109165000.0,110117000.0,107979000.0,109830000.0,1381.84875066
2026-08-27 09:00:00+09:00,109830000.0,111500000.0,108800000.0,111004000.0,1155.80516169
2026-08-28 09:00:00+09:00,111004000.0,112445000.0,107118000.0,107744000.0,1718.15131799
2026-08-29 09:00:00+09:00,107771000.0,108899000.0,107420000.0,108746000.0,550.78796492
2026-08-30 09:00:00+09:00,108747000.0,110000000.0,107414000.0,108031000.0,713.11451319
2026-08-31 09:00:00+09:00,108025000.0,109000000.0,107255000.0,108304000.0,894.0921924
2026-09-01 09:00:00+09:00,108304000.0,109214000.0,106086000.0,107005000.0,978.59831227
2026-09-02 09:00:00+09:00,107005000.0,107121000.0,104801000.0,106400000.0,1078.36161761
2026-09-03 09:00:00+09:00,106400000.0,112000000.0,105830000.0,110926000.0,1561.47733981
2026-09-04 09:00:00+09:00,110937000.0,111392000.0,107713000.0,109126000.0,1416.75408831
2026-09-05 09:00:00+09:00,109147000.0,109602000.0,108793000.0,108998000.0,406.29373866
2026-09-06 09:00:00+09:00,108954000.0,109613000.0,108191000.0,109407000.0,492.96411051
2026-09-07 09:00:00+09:00,109407000.0,109556000.0,107353000.0,107714000.0,702.38077792
2026-09-08 09:00:00+09:00,107765000.0,107914000.0,105789000.0,106367000.0,848.81843877
2026-09-09 09:00:00+09:00,106367000.0,107665000.0,105995000.0,106402000.0,709.50890128
2026-09-10 09:00:00+09:00,106402000.0,106575000.0,104712000.0,104712000.0,936.19276811
2026-09-11 09:00:00+09:00,104721000.0,108242000.0,104220000.0,105188000.0,1225.80759856
2026-09-12 09:00:00+09:00,105217000.0,105500000.0,104870000.0,105083000.0,277.4143137
2026-09-13 09:00:00+09:00,105085000.0,105343000.0,104222000.0,104523000.0,471.93353908
2026-09-14 09:00:00+09:00,104564000.0,107320000.0,104086000.0,105685000.0,859.66295379
2026-09-15 09:00:00+09:00,105654000.0,105900000.0,102000000.0,102989000.0,1545.7536974
2026-09-16 09:00:00+09:00,102993000.0,104953000.0,102891000.0,104852000.0,804.40364451
2026-09-17 09:00:00+09:00,104852000.0,106132000.0,104785000.0,105396000.0,661.73790292
2026-09-18 09:00:00+09:00,105404000.0,111200000.0,105181000.0,110641000.0,1804.09027409
2026-09-19 09:00:00+09:00,110663000.0,112400000.0,110501000.0,110917000.0,1070.93622935
2026-09-20 09:00:00+09:00,110919000.0,111300000.0,109268000.0,111156000.0,853.93423403
2026-09-21 09:00:00+09:00,111162000.0,117600000.0,110545000.0,117123000.0,2691.58533342
2026-09-22 09:00:00+09:00,117127000.0,117186000.0,114454000.0,115650000.0,1323.6870209
2026-09-23 09:00:00+09:00,115650000.0,117000000.0,114069000.0,115908000.0,1355.20529605
2026-09-24 09:00:00+09:00,115909000.0,116014000.0,114127000.0,115122000.0,902.73132021
2026-09-25 09:00:00+09:00,115123000.0,115563000.0,113000000.0,113657000.0,1122.20948902
2026-09-26 09:00:00+09:00,113657000.0,114855000.0,113499000.0,114855000.0,551.29210231
2026-09-27 09:00:00+09:00,114855000.0,115571000.0,114350000.0,114450000.0,628.70780233
2026-09-28 09:00:00+09:00,114455000.0,115158000.0,112019000.0,113497000.0,1187.36858337
2026-09-29 09:00:00+09:00,113499000.0,114400000.0,112413000.0,113587000.0,841.55782726
2026-09-30 09:00:00+09:00,113587000.0,115937000.0,112713000.0,113740000.0,1032.5180644
2026-10-01 09:00:00+09:00,113750000.0,115800000.0,113500000.0,115657000.0,804.24034244
2026-10-02 09:00:00+09:00,115657000.0,117646000.0,114444000.0,115050000.0,1590.88446801
